10000042,mean,estimated,1950,1,11.3946353750901
10000042,mean,estimated,1950,2,8.34179304666371
10000042,mean,estimated,1950,3,2.40860902111131
10000042,mean,estimated,1950,4,0.400775039477616
10000042,mean,estimated,1950,5,2.23315086758912
10000042,mean,estimated,1950,6,2.4503399203784
10000042,mean,estimated,1950,7,15.4894438401874
10000042,mean,estimated,1950,8,11.9296187576657
10000042,mean,estimated,1950,9,2.74544861004915
10000042,mean,estimated,1950,10,11.0073141180952
10000042,mean,estimated,1950,11,2.79126089469202
10000042,mean,estimated,1950,12,1.2485005214496
10000042,mean,estimated,1951,1,15.4223637318905
10000042,mean,estimated,1951,2,4.84136762055332
10000042,mean,estimated,1951,3,3.18860533901774
10000042,mean,estimated,1951,4,0.658764625492435
10000042,mean,estimated,1951,5,1.95405553283517
10000042,mean,estimated,1951,6,2.39968168079786
10000042,mean,estimated,1951,7,5.28926039165389
10000042,mean,estimated,1951,8,153.352945705017
10000042,mean,estimated,1951,9,4.52671590171136
10000042,mean,estimated,1951,10,64.6017854804248
10000042,mean,estimated,1951,11,5.71665536134525
10000042,mean,estimated,1951,12,2.24081964066283
10000042,mean,estimated,1952,1,14.9695193518914
10000042,mean,estimated,1952,2,4.07732677002032
10000042,mean,estimated,1952,3,5.45112762996015
10000042,mean,estimated,1952,4,0.365916961666529
10000042,mean,estimated,1952,5,2.16715469669179
10000042,mean,estimated,1952,6,2.72193833954414
10000042,mean,estimated,1952,7,10.3175969590444
10000042,mean,estimated,1952,8,20.8660250623508
10000042,mean,estimated,1952,9,2.26602275110242
10000042,mean,estimated,1952,10,3.09755170843035
10000042,mean,estimated,1952,11,2.36344667701607
10000042,mean,estimated,1952,12,2.28699251012446
10000042,mean,estimated,1953,1,8.90544626024373
10000042,mean,estimated,1953,2,5.13809155455129
10000042,mean,estimated,1953,3,0.562555526035688
10000042,mean,estimated,1953,4,0.423100623452386
10000042,mean,estimated,1953,5,2.39305820173656
10000042,mean,estimated,1953,6,2.3285263001946
10000042,mean,estimated,1953,7,15.5566286106821
10000042,mean,estimated,1953,8,14.5097942510054
10000042,mean,estimated,1953,9,2.28094348849784
10000042,mean,estimated,1953,10,3.91176887312541
10000042,mean,estimated,1953,11,3.03369438161744
10000042,mean,estimated,1953,12,2.2381753786234
10000042,mean,estimated,1954,1,15.0478588665038
10000042,mean,estimated,1954,2,4.59820222206453
10000042,mean,estimated,1954,3,1.47496158799541
10000042,mean,estimated,1954,4,0.157665171573401
10000042,mean,estimated,1954,5,2.07680390909356
10000042,mean,estimated,1954,6,2.20695332834201
10000042,mean,estimated,1954,7,4.6057218768385
10000042,mean,estimated,1954,8,12.6400925827001
10000042,mean,estimated,1954,9,2.28049442314344
10000042,mean,estimated,1954,10,3.35597485974282
10000042,mean,estimated,1954,11,3.97543711030708
10000042,mean,estimated,1954,12,0.998678923506401
10000042,mean,estimated,1955,1,13.9777372498881
10000042,mean,estimated,1955,2,4.913597053811
10000042,mean,estimated,1955,3,2.8698751883738
10000042,mean,estimated,1955,4,0.419297804047569
10000042,mean,estimated,1955,5,2.47162367837676
10000042,mean,estimated,1955,6,2.45382332694192
10000042,mean,estimated,1955,7,5.16098836390445
10000042,mean,estimated,1955,8,17.4837587673982
10000042,mean,estimated,1955,9,2.7135006425971
10000042,mean,estimated,1955,10,7.88683222396767
10000042,mean,estimated,1955,11,4.10466348342784
10000042,mean,estimated,1955,12,2.20675650914351
10000042,mean,estimated,1956,1,13.4770576411856
10000042,mean,estimated,1956,2,20.1756294732955
10000042,mean,estimated,1956,3,8.15174677152077
10000042,mean,estimated,1956,4,0.496544204853336
10000042,mean,estimated,1956,5,2.48976523886427
10000042,mean,estimated,1956,6,2.61278463559422
10000042,mean,estimated,1956,7,16.2864744473921
10000042,mean,estimated,1956,8,14.5846875355017
10000042,mean,estimated,1956,9,3.23000844938232
10000042,mean,estimated,1956,10,21.6553649154585
10000042,mean,estimated,1956,11,3.05411736944507
10000042,mean,estimated,1956,12,2.15865818676723
10000042,mean,estimated,1957,1,14.9847072919633
10000042,mean,estimated,1957,2,4.71719738417422
10000042,mean,estimated,1957,3,6.55560282787672
10000042,mean,estimated,1957,4,0.383278330656951
10000042,mean,estimated,1957,5,2.43104110226094
10000042,mean,estimated,1957,6,2.40796817120713
10000042,mean,estimated,1957,7,5.25419823753891
10000042,mean,estimated,1957,8,15.5901631715992
10000042,mean,estimated,1957,9,2.47517519551705
10000042,mean,estimated,1957,10,9.87290705870379
10000042,mean,estimated,1957,11,3.84556677037851
10000042,mean,estimated,1957,12,4.30021198191714
10000042,mean,estimated,1958,1,15.622886094202
10000042,mean,estimated,1958,2,15.9888666108979
10000042,mean,estimated,1958,3,6.1368342716655
10000042,mean,estimated,1958,4,0.464423735903056
10000042,mean,estimated,1958,5,2.01122573631301
10000042,mean,estimated,1958,6,2.07617315315066
10000042,mean,estimated,1958,7,4.18285311013517
10000042,mean,estimated,1958,8,11.1867230733219
10000042,mean,estimated,1958,9,2.02105591495655
10000042,mean,estimated,1958,10,3.23613247094006
10000042,mean,estimated,1958,11,2.80973955052586
10000042,mean,estimated,1958,12,1.00688140427226
10000042,mean,estimated,1959,1,11.3604112718658
10000042,mean,estimated,1959,2,13.6486704825692
10000042,mean,estimated,1959,3,4.59555677050462
10000042,mean,estimated,1959,4,0.448786688104855
10000042,mean,estimated,1959,5,2.21726641142942
10000042,mean,estimated,1959,6,2.59959190476548
10000042,mean,estimated,1959,7,6.514403269837
10000042,mean,estimated,1959,8,15.7964893619085
10000042,mean,estimated,1959,9,2.48784409252628
10000042,mean,estimated,1959,10,9.18266608079369
10000042,mean,estimated,1959,11,4.17546375430811
10000042,mean,estimated,1959,12,6.55719237234302
10000042,mean,estimated,1960,1,16.5380338434893
10000042,mean,estimated,1960,2,4.56552479757284
10000042,mean,estimated,1960,3,2.4834075886978
10000042,mean,estimated,1960,4,0.504345910968487
10000042,mean,estimated,1960,5,2.17004596909288
10000042,mean,estimated,1960,6,2.36953665815034
10000042,mean,estimated,1960,7,4.32522802708886
10000042,mean,estimated,1960,8,11.9549599744166
10000042,mean,estimated,1960,9,3.54434497114191
10000042,mean,estimated,1960,10,5.07711356829271
10000042,mean,estimated,1960,11,3.27895443707704
10000042,mean,estimated,1960,12,1.35624957459283
10000042,mean,estimated,1961,1,14.3260029559138
10000042,mean,estimated,1961,2,4.06786207704063
10000042,mean,estimated,1961,3,0.929400976775049
10000042,mean,estimated,1961,4,0.491079095222269
10000042,mean,estimated,1961,5,2.50470477887222
10000042,mean,estimated,1961,6,2.58231029679475
10000042,mean,estimated,1961,7,14.8163483522229
10000042,mean,estimated,1961,8,13.6876586608654
10000042,mean,estimated,1961,9,2.22986615545285
10000042,mean,estimated,1961,10,9.23588069822914
10000042,mean,estimated,1961,11,3.09071368354593
10000042,mean,estimated,1961,12,1.67040237986781
10000042,mean,estimated,1962,1,14.4907555185207
10000042,mean,estimated,1962,2,4.4220817952859
10000042,mean,estimated,1962,3,1.99230077130381
10000042,mean,estimated,1962,4,0.104895130260927
10000042,mean,estimated,1962,5,2.33626092600114
10000042,mean,estimated,1962,6,2.13783691980531
10000042,mean,estimated,1962,7,4.17225017556543
10000042,mean,estimated,1962,8,13.4558605314744
10000042,mean,estimated,1962,9,1.93017332713509
10000042,mean,estimated,1962,10,2.98949576330443
10000042,mean,estimated,1962,11,3.19172473886543
10000042,mean,estimated,1962,12,1.4369159952045
10000042,mean,estimated,1963,1,10.9067950211672
10000042,mean,estimated,1963,2,4.39285617696622
10000042,mean,estimated,1963,3,1.22997854975552
10000042,mean,estimated,1963,4,0.364353845309819
10000042,mean,estimated,1963,5,2.20787456285015
10000042,mean,estimated,1963,6,2.45454353085181
10000042,mean,estimated,1963,7,4.20981387544979
10000042,mean,estimated,1963,8,13.0689078116289
10000042,mean,estimated,1963,9,6.68218284419226
10000042,mean,estimated,1963,10,4.42064966752827
10000042,mean,estimated,1963,11,5.75183194309839
10000042,mean,estimated,1963,12,0.979711609729308
10000042,mean,estimated,1964,1,13.7951009868597
10000042,mean,estimated,1964,2,18.6170532205077
10000042,mean,estimated,1964,3,2.69808010241315
10000042,mean,estimated,1964,4,0.405748502678134
10000042,mean,estimated,1964,5,2.07435482480796
10000042,mean,estimated,1964,6,2.18223399423007
10000042,mean,estimated,1964,7,6.63723359537752
10000042,mean,estimated,1964,8,12.4521927102023
10000042,mean,estimated,1964,9,1.99830885568247
10000042,mean,estimated,1964,10,16.4943968195634
10000042,mean,estimated,1964,11,1.76523206120705
10000042,mean,estimated,1964,12,1.79564576388742
10000042,mean,estimated,1965,1,10.4396211734258
10000042,mean,estimated,1965,2,4.006072712031
10000042,mean,estimated,1965,3,0.504273638049647
10000042,mean,estimated,1965,4,8.13379700040474
10000042,mean,estimated,1965,5,2.65285584578379
10000042,mean,estimated,1965,6,3.1607010423448
10000042,mean,estimated,1965,7,6.27063701709999
10000042,mean,estimated,1965,8,12.4781972420586
10000042,mean,estimated,1965,9,2.16543114126752
10000042,mean,estimated,1965,10,3.21321414750185
10000042,mean,estimated,1965,11,3.44088803929836
10000042,mean,estimated,1965,12,6.74448461273741
10000042,mean,estimated,1966,1,11.771362984038
10000042,mean,estimated,1966,2,4.09812995586664
10000042,mean,estimated,1966,3,0.897141221420241
10000042,mean,estimated,1966,4,0.448050690583517
10000042,mean,estimated,1966,5,2.12774453080892
10000042,mean,estimated,1966,6,2.36997768850116
10000042,mean,estimated,1966,7,4.53111704035139
10000042,mean,estimated,1966,8,12.3704731720566
10000042,mean,estimated,1966,9,2.35234882539962
10000042,mean,estimated,1966,10,4.89766800423427
10000042,mean,estimated,1966,11,3.43670882103342
10000042,mean,estimated,1966,12,3.82749090847212
10000042,mean,estimated,1967,1,15.1877661365093
10000042,mean,estimated,1967,2,4.10148084040988
10000042,mean,estimated,1967,3,0.729441328957465
10000042,mean,estimated,1967,4,0.59725632306556
10000042,mean,estimated,1967,5,2.135821279791
10000042,mean,estimated,1967,6,2.45818312333518
10000042,mean,estimated,1967,7,9.33853416032689
10000042,mean,estimated,1967,8,14.5893572509402
10000042,mean,estimated,1967,9,3.54540395101967
10000042,mean,estimated,1967,10,4.80142025986866
10000042,mean,estimated,1967,11,5.39786004860336
10000042,mean,estimated,1967,12,0.942976150282984
10000042,mean,estimated,1968,1,14.0188304665323
10000042,mean,estimated,1968,2,4.23272717263568
10000042,mean,estimated,1968,3,0.95327149642499
10000042,mean,estimated,1968,4,0.423583666678626
10000042,mean,estimated,1968,5,2.16743288028285
10000042,mean,estimated,1968,6,2.34701712641235
10000042,mean,estimated,1968,7,17.319868235518
10000042,mean,estimated,1968,8,12.2441196941557
10000042,mean,estimated,1968,9,2.68320711664891
10000042,mean,estimated,1968,10,11.6844272752618
10000042,mean,estimated,1968,11,2.54927377171281
10000042,mean,estimated,1968,12,0.521084526983748
10000042,mean,estimated,1969,1,17.3149684502425
10000042,mean,estimated,1969,2,4.86833695465601
10000042,mean,estimated,1969,3,0.850374501733439
10000042,mean,estimated,1969,4,0.512998862550808
10000042,mean,estimated,1969,5,2.40611667774138
10000042,mean,estimated,1969,6,2.27130824295193
10000042,mean,estimated,1969,7,5.31335341210852
10000042,mean,estimated,1969,8,12.8264870580462
10000042,mean,estimated,1969,9,3.13434343671546
10000042,mean,estimated,1969,10,3.66156834494767
10000042,mean,estimated,1969,11,3.50453371708091
10000042,mean,estimated,1969,12,0.444321023018338
10000042,mean,estimated,1970,1,10.7336411582768
10000042,mean,estimated,1970,2,4.15906224610698
10000042,mean,estimated,1970,3,2.47205376459
10000042,mean,estimated,1970,4,0.428723489398861
10000042,mean,estimated,1970,5,2.19419790765711
10000042,mean,estimated,1970,6,2.49676530804453
10000042,mean,estimated,1970,7,4.51610315108512
10000042,mean,estimated,1970,8,11.6946934355491
10000042,mean,estimated,1970,9,1.98384069552936
10000042,mean,estimated,1970,10,3.19041575800619
10000042,mean,estimated,1970,11,2.44686263991184
10000042,mean,estimated,1970,12,1.59037531870693
10000042,mean,estimated,1971,1,11.2832634199541
10000042,mean,estimated,1971,2,13.2112360141551
10000042,mean,estimated,1971,3,1.34699753165645
10000042,mean,estimated,1971,4,0.491939987033354
10000042,mean,estimated,1971,5,2.39410321284874
10000042,mean,estimated,1971,6,2.40926590254293
10000042,mean,estimated,1971,7,15.4165598891581
10000042,mean,estimated,1971,8,15.858554206681
10000042,mean,estimated,1971,9,3.37904435577008
10000042,mean,estimated,1971,10,3.95203659587412
10000042,mean,estimated,1971,11,3.43636968045828
10000042,mean,estimated,1971,12,1.52334717762086
10000042,mean,estimated,1972,1,14.5947319932845
10000042,mean,estimated,1972,2,14.847584018729
10000042,mean,estimated,1972,3,3.33909375201476
10000042,mean,estimated,1972,4,0.619270164318686
10000042,mean,estimated,1972,5,2.49448080371387
10000042,mean,estimated,1972,6,3.09772056101193
10000042,mean,estimated,1972,7,8.51413929696393
10000042,mean,estimated,1972,8,14.0512092487683
10000042,mean,estimated,1972,9,2.80661921980649
10000042,mean,estimated,1972,10,7.89478028882751
10000042,mean,estimated,1972,11,4.84370830165884
10000042,mean,estimated,1972,12,2.8043385516237
10000042,mean,estimated,1973,1,16.7504404420275
10000042,mean,estimated,1973,2,5.36989106125478
10000042,mean,estimated,1973,3,3.49744019838108
10000042,mean,estimated,1973,4,0.56950513465026
10000042,mean,estimated,1973,5,2.12480943261602
10000042,mean,estimated,1973,6,2.07296861607588
10000042,mean,estimated,1973,7,4.1000904502913
10000042,mean,estimated,1973,8,11.4020520434376
10000042,mean,estimated,1973,9,1.98636773230658
10000042,mean,estimated,1973,10,4.23199810106104
10000042,mean,estimated,1973,11,1.89023843230935
10000042,mean,estimated,1973,12,1.46068320320171
10000042,mean,estimated,1974,1,11.2058209319401
10000042,mean,estimated,1974,2,4.08126002944962
10000042,mean,estimated,1974,3,2.26721850614763
10000042,mean,estimated,1974,4,0.57951604038438
10000042,mean,estimated,1974,5,2.2526952474538
10000042,mean,estimated,1974,6,2.44337458246067
10000042,mean,estimated,1974,7,4.53555129380699
10000042,mean,estimated,1974,8,13.3032706831499
10000042,mean,estimated,1974,9,2.06931291558522
10000042,mean,estimated,1974,10,11.9691629262168
10000042,mean,estimated,1974,11,4.43341721593949
10000042,mean,estimated,1974,12,0.500285217452478
10000042,mean,estimated,1975,1,14.4311974979311
10000042,mean,estimated,1975,2,4.38147794434792
10000042,mean,estimated,1975,3,0.908472531414123
10000042,mean,estimated,1975,4,0.380375510643292
10000042,mean,estimated,1975,5,2.12143052436614
10000042,mean,estimated,1975,6,2.12889413881252
10000042,mean,estimated,1975,7,6.16511356801046
10000042,mean,estimated,1975,8,13.1709200738113
10000042,mean,estimated,1975,9,2.74220968464987
10000042,mean,estimated,1975,10,9.88012296418625
10000042,mean,estimated,1975,11,2.6987238401189
10000042,mean,estimated,1975,12,0.700819090990773
10000042,mean,estimated,1976,1,10.57003756316
10000042,mean,estimated,1976,2,19.2826845258989
10000042,mean,estimated,1976,3,6.89522159445454
10000042,mean,estimated,1976,4,0.799312031063407
10000042,mean,estimated,1976,5,2.07549677172499
10000042,mean,estimated,1976,6,2.3895841831643
10000042,mean,estimated,1976,7,4.80151399356612
10000042,mean,estimated,1976,8,14.8319898003898
10000042,mean,estimated,1976,9,17.9300822863009
10000042,mean,estimated,1976,10,19.8165470421232
10000042,mean,estimated,1976,11,6.31619444349647
10000042,mean,estimated,1976,12,1.04790892211416
10000042,mean,estimated,1977,1,11.3685314290607
10000042,mean,estimated,1977,2,4.08384257070337
10000042,mean,estimated,1977,3,2.19469363720044
10000042,mean,estimated,1977,4,0.0
10000042,mean,estimated,1977,5,2.42991644292733
10000042,mean,estimated,1977,6,2.18224466624509
10000042,mean,estimated,1977,7,9.51705415161814
10000042,mean,estimated,1977,8,16.2078024344696
10000042,mean,estimated,1977,9,2.46771438725138
10000042,mean,estimated,1977,10,3.22911648589075
10000042,mean,estimated,1977,11,4.37323067409194
10000042,mean,estimated,1977,12,0.852729207816572
10000042,mean,estimated,1978,1,14.9618175409225
10000042,mean,estimated,1978,2,9.86448349119884
10000042,mean,estimated,1978,3,6.18221764834101
10000042,mean,estimated,1978,4,0.841834241912988
10000042,mean,estimated,1978,5,2.12071637235758
10000042,mean,estimated,1978,6,2.49009535094153
10000042,mean,estimated,1978,7,4.13983368995429
10000042,mean,estimated,1978,8,13.0399900600923
10000042,mean,estimated,1978,9,2.10258960082122
10000042,mean,estimated,1978,10,5.16435514485647
10000042,mean,estimated,1978,11,4.26066778589302
10000042,mean,estimated,1978,12,2.13980574605246
10000042,mean,estimated,1979,1,17.2029557299249
10000042,mean,estimated,1979,2,4.34403056984846
10000042,mean,estimated,1979,3,1.09365282860849
10000042,mean,estimated,1979,4,0.625310111992123
10000042,mean,estimated,1979,5,2.04036632527719
10000042,mean,estimated,1979,6,2.12746428392395
10000042,mean,estimated,1979,7,4.80362185566449
10000042,mean,estimated,1979,8,13.1340047380154
10000042,mean,estimated,1979,9,2.58419087710364
10000042,mean,estimated,1979,10,3.32504101707337
10000042,mean,estimated,1979,11,2.19992697146754
10000042,mean,estimated,1979,12,1.2365832429651
10000042,mean,estimated,1980,1,11.3721002882835
10000042,mean,estimated,1980,2,9.22636753118071
10000042,mean,estimated,1980,3,8.03527474409543
10000042,mean,estimated,1980,4,0.661987374934226
10000042,mean,estimated,1980,5,1.96578054389537
10000042,mean,estimated,1980,6,2.32281497852127
10000042,mean,estimated,1980,7,4.36378368437087
10000042,mean,estimated,1980,8,11.9639900908599
10000042,mean,estimated,1980,9,2.33918755031511
10000042,mean,estimated,1980,10,3.62669253809885
10000042,mean,estimated,1980,11,3.39713860938627
10000042,mean,estimated,1980,12,1.16814523633933
10000042,mean,estimated,1981,1,11.9016673328688
10000042,mean,estimated,1981,2,15.220631947417
10000042,mean,estimated,1981,3,2.42356753138273
10000042,mean,estimated,1981,4,0.570480169472437
10000042,mean,estimated,1981,5,2.03658567426526
10000042,mean,estimated,1981,6,2.35554508089218
10000042,mean,estimated,1981,7,4.37545691550352
10000042,mean,estimated,1981,8,13.1848965186395
10000042,mean,estimated,1981,9,1.95062042936698
10000042,mean,estimated,1981,10,4.4569821727129
10000042,mean,estimated,1981,11,8.14096172623839
10000042,mean,estimated,1981,12,2.78064953012286
10000042,mean,estimated,1982,1,14.8673887454527
10000042,mean,estimated,1982,2,4.97057337390348
10000042,mean,estimated,1982,3,3.30753299453114
10000042,mean,estimated,1982,4,0.632137163521949
10000042,mean,estimated,1982,5,2.03295712399307
10000042,mean,estimated,1982,6,2.33964595212939
10000042,mean,estimated,1982,7,4.89915633342085
10000042,mean,estimated,1982,8,12.939290732355
10000042,mean,estimated,1982,9,2.40763386510901
10000042,mean,estimated,1982,10,7.30026465736697
10000042,mean,estimated,1982,11,3.04350427557974
10000042,mean,estimated,1982,12,3.24904070546416
10000042,mean,estimated,1983,1,11.4630095283096
10000042,mean,estimated,1983,2,3.8091833499569
10000042,mean,estimated,1983,3,3.19269743215109
10000042,mean,estimated,1983,4,1.8384677715725
10000042,mean,estimated,1983,5,2.30379551683621
10000042,mean,estimated,1983,6,2.44311692519035
10000042,mean,estimated,1983,7,4.29545279174097
10000042,mean,estimated,1983,8,19.3954661723306
10000042,mean,estimated,1983,9,4.38597130660564
10000042,mean,estimated,1983,10,4.88117199421257
10000042,mean,estimated,1983,11,3.74796619844277
10000042,mean,estimated,1983,12,0.974656170636312
10000042,mean,estimated,1984,1,13.8582699819013
10000042,mean,estimated,1984,2,4.26587478175086
10000042,mean,estimated,1984,3,2.41419489524098
10000042,mean,estimated,1984,4,0.450609352615831
10000042,mean,estimated,1984,5,2.43195329615627
10000042,mean,estimated,1984,6,2.48778315392314
10000042,mean,estimated,1984,7,22.8722072258596
10000042,mean,estimated,1984,8,15.1844371350395
10000042,mean,estimated,1984,9,2.91407238296669
10000042,mean,estimated,1984,10,4.80484137415008
10000042,mean,estimated,1984,11,3.98523180235044
10000042,mean,estimated,1984,12,34.459191654062
10000042,mean,estimated,1985,1,16.927889305876
10000042,mean,estimated,1985,2,5.24382100965368
10000042,mean,estimated,1985,3,1.55514724616444
10000042,mean,estimated,1985,4,0.48012334429286
10000042,mean,estimated,1985,5,2.2856304230855
10000042,mean,estimated,1985,6,2.38653949618895
10000042,mean,estimated,1985,7,6.44659568618308
10000042,mean,estimated,1985,8,12.1277375246733
10000042,mean,estimated,1985,9,7.26329879912319
10000042,mean,estimated,1985,10,12.1829437288425
10000042,mean,estimated,1985,11,8.93569375611734
10000042,mean,estimated,1985,12,5.89052375831878
10000042,mean,estimated,1986,1,10.9668140937046
10000042,mean,estimated,1986,2,5.66868502699955
10000042,mean,estimated,1986,3,1.10794568550516
10000042,mean,estimated,1986,4,0.941762959282785
10000042,mean,estimated,1986,5,2.11521783194212
10000042,mean,estimated,1986,6,2.36673824526575
10000042,mean,estimated,1986,7,4.70299559066742
10000042,mean,estimated,1986,8,11.5935094570264
10000042,mean,estimated,1986,9,3.5458658728316
10000042,mean,estimated,1986,10,5.24377812251135
10000042,mean,estimated,1986,11,3.96855250331979
10000042,mean,estimated,1986,12,0.646482256400715
10000042,mean,estimated,1987,1,15.1118710647171
10000042,mean,estimated,1987,2,4.12990190352093
10000042,mean,estimated,1987,3,0.762730202755382
10000042,mean,estimated,1987,4,0.62965378111802
10000042,mean,estimated,1987,5,2.37645897761679
10000042,mean,estimated,1987,6,2.4409418789309
10000042,mean,estimated,1987,7,17.2195119582872
10000042,mean,estimated,1987,8,12.9203764572572
10000042,mean,estimated,1987,9,2.84403669420381
10000042,mean,estimated,1987,10,12.9196547164948
10000042,mean,estimated,1987,11,2.80952822448844
10000042,mean,estimated,1987,12,2.55717030810039
10000042,mean,estimated,1988,1,11.866743927206
10000042,mean,estimated,1988,2,4.21351243286826
10000042,mean,estimated,1988,3,1.7631051116242
10000042,mean,estimated,1988,4,0.890717432547254
10000042,mean,estimated,1988,5,2.20367942993493
10000042,mean,estimated,1988,6,2.51382294700751
10000042,mean,estimated,1988,7,4.59394001342958
10000042,mean,estimated,1988,8,14.1003170017958
10000042,mean,estimated,1988,9,2.24202624355166
10000042,mean,estimated,1988,10,4.43812177748041
10000042,mean,estimated,1988,11,3.10256990151211
10000042,mean,estimated,1988,12,1.41379960311999
10000042,mean,estimated,1989,1,17.1973760496481
10000042,mean,estimated,1989,2,4.4398238566498
10000042,mean,estimated,1989,3,8.68768132872719
10000042,mean,estimated,1989,4,0.573683306742803
10000042,mean,estimated,1989,5,2.46380605706228
10000042,mean,estimated,1989,6,2.41489152570145
10000042,mean,estimated,1989,7,4.64914029145098
10000042,mean,estimated,1989,8,14.4757412532184
10000042,mean,estimated,1989,9,2.23332399189801
10000042,mean,estimated,1989,10,10.4393098366964
10000042,mean,estimated,1989,11,3.69422008622423
10000042,mean,estimated,1989,12,1.6158572373649
10000042,mean,estimated,1990,1,14.85149668483
10000042,mean,estimated,1990,2,14.3498068296479
10000042,mean,estimated,1990,3,3.93534374523575
10000042,mean,estimated,1990,4,0.474214347307106
10000042,mean,estimated,1990,5,2.32742648052841
10000042,mean,estimated,1990,6,2.43232764528121
10000042,mean,estimated,1990,7,6.9073373052317
10000042,mean,estimated,1990,8,13.7607162670782
10000042,mean,estimated,1990,9,2.31809965702177
10000042,mean,estimated,1990,10,7.59337469957667
10000042,mean,estimated,1990,11,3.12235502756518
10000042,mean,estimated,1990,12,1.01946424904069
10000042,mean,estimated,1991,1,14.7320182489394
10000042,mean,estimated,1991,2,4.63940998663205
10000042,mean,estimated,1991,3,4.70396842363721
10000042,mean,estimated,1991,4,0.35113421634701
10000042,mean,estimated,1991,5,2.1829528111155
10000042,mean,estimated,1991,6,2.16182461870063
10000042,mean,estimated,1991,7,4.22564495910654
10000042,mean,estimated,1991,8,11.032079367066
10000042,mean,estimated,1991,9,3.46130671780187
10000042,mean,estimated,1991,10,7.32631814956991
10000042,mean,estimated,1991,11,3.16097739630491
10000042,mean,estimated,1991,12,0.814644381507303
10000042,mean,estimated,1992,1,11.0715314581715
10000042,mean,estimated,1992,2,7.37590091333399
10000042,mean,estimated,1992,3,62.043417854202
10000042,mean,estimated,1992,4,7.62851253885125
10000042,mean,estimated,1992,5,2.37601084836109
10000042,mean,estimated,1992,6,2.6504778443874
10000042,mean,estimated,1992,7,4.72471764705235
10000042,mean,estimated,1992,8,13.8161712242238
10000042,mean,estimated,1992,9,2.78646158473986
10000042,mean,estimated,1992,10,3.97051733421315
10000042,mean,estimated,1992,11,2.58309452530397
10000042,mean,estimated,1992,12,14.3101051014229
10000042,mean,estimated,1993,1,42.0877441209691
10000042,mean,estimated,1993,2,31.2988403482062
10000042,mean,estimated,1993,3,12.8735952987007
10000042,mean,estimated,1993,4,2.4430294752792
10000042,mean,estimated,1993,5,2.72486673279086
10000042,mean,estimated,1993,6,3.29730829067147
10000042,mean,estimated,1993,7,5.51460088513743
10000042,mean,estimated,1993,8,12.3326744955826
10000042,mean,estimated,1993,9,2.58397857798941
10000042,mean,estimated,1993,10,5.0653705014146
10000042,mean,estimated,1993,11,1.96319193872943
10000042,mean,estimated,1993,12,1.14649015801241
10000042,mean,estimated,1994,1,14.1366620142497
10000042,mean,estimated,1994,2,4.2062259931054
10000042,mean,estimated,1994,3,0.995012285415438
10000042,mean,estimated,1994,4,0.419773178603515
10000042,mean,estimated,1994,5,1.98396875032583
10000042,mean,estimated,1994,6,2.25554513103116
10000042,mean,estimated,1994,7,5.01663275390631
10000042,mean,estimated,1994,8,11.1546293387256
10000042,mean,estimated,1994,9,2.30201490818112
10000042,mean,estimated,1994,10,10.8472777632881
10000042,mean,estimated,1994,11,1.33673277789642
10000042,mean,estimated,1994,12,4.66410727971641
10000042,mean,estimated,1995,1,17.6927672729502
10000042,mean,estimated,1995,2,8.97617414038775
10000042,mean,estimated,1995,3,1.47944681268378
10000042,mean,estimated,1995,4,0.502578923785246
10000042,mean,estimated,1995,5,2.14925777567785
10000042,mean,estimated,1995,6,2.48463770754638
10000042,mean,estimated,1995,7,4.12257226050118
10000042,mean,estimated,1995,8,12.219252980872
10000042,mean,estimated,1995,9,2.07284337319947
10000042,mean,estimated,1995,10,4.5975947600194
10000042,mean,estimated,1995,11,3.379665499923
10000042,mean,estimated,1995,12,1.13024958813239
10000042,mean,estimated,1996,1,15.7175310650547
10000042,mean,estimated,1996,2,14.9024759874899
10000042,mean,estimated,1996,3,3.13533491480238
10000042,mean,estimated,1996,4,0.579061830901878
10000042,mean,estimated,1996,5,2.12920353380687
10000042,mean,estimated,1996,6,2.43020379492949
10000042,mean,estimated,1996,7,5.50785714161609
10000042,mean,estimated,1996,8,13.6333225860768
10000042,mean,estimated,1996,9,3.42476577568707
10000042,mean,estimated,1996,10,17.926948513959
10000042,mean,estimated,1996,11,4.63801992598332
10000042,mean,estimated,1996,12,0.844069090114791
10000042,mean,estimated,1997,1,15.6516420268492
10000042,mean,estimated,1997,2,4.51906931056324
10000042,mean,estimated,1997,3,2.27376561225411
10000042,mean,estimated,1997,4,0.436416385671524
10000042,mean,estimated,1997,5,2.3730333673669
10000042,mean,estimated,1997,6,2.46778884618492
10000042,mean,estimated,1997,7,6.39566092520678
10000042,mean,estimated,1997,8,14.1329944473412
10000042,mean,estimated,1997,9,12.5994967372854
10000042,mean,estimated,1997,10,10.9733740051307
10000042,mean,estimated,1997,11,4.81069947544033
10000042,mean,estimated,1997,12,2.98039605568457
10000042,mean,estimated,1998,1,13.8351106466873
10000042,mean,estimated,1998,2,21.0465535545696
10000042,mean,estimated,1998,3,9.35669256592011
10000042,mean,estimated,1998,4,1.5209274630177
10000042,mean,estimated,1998,5,2.00398286896466
10000042,mean,estimated,1998,6,2.31020875058505
10000042,mean,estimated,1998,7,4.18374478320846
10000042,mean,estimated,1998,8,10.5333532237275
10000042,mean,estimated,1998,9,4.19037881387093
10000042,mean,estimated,1998,10,5.50898976097717
10000042,mean,estimated,1998,11,3.23018766701327
10000042,mean,estimated,1998,12,1.26605389717398
10000042,mean,estimated,1999,1,13.5026524288087
10000042,mean,estimated,1999,2,4.27335870721618
10000042,mean,estimated,1999,3,0.688395560614044
10000042,mean,estimated,1999,4,0.632951400937936
10000042,mean,estimated,1999,5,1.99588752070374
10000042,mean,estimated,1999,6,2.41658380864223
10000042,mean,estimated,1999,7,7.23069882021063
10000042,mean,estimated,1999,8,13.0864084915397
10000042,mean,estimated,1999,9,3.15711485682439
10000042,mean,estimated,1999,10,4.95941817537958
10000042,mean,estimated,1999,11,3.98841772971692
10000042,mean,estimated,1999,12,1.77435615171062
10000042,mean,estimated,2000,1,15.6348013879376
10000042,mean,estimated,2000,2,20.9092131869864
10000042,mean,estimated,2000,3,7.645997328955
10000042,mean,estimated,2000,4,0.570146955521214
10000042,mean,estimated,2000,5,2.16939085742327
10000042,mean,estimated,2000,6,2.57269391114835
10000042,mean,estimated,2000,7,6.17065919144971
10000042,mean,estimated,2000,8,14.0509269442321
10000042,mean,estimated,2000,9,2.22317570860716
10000042,mean,estimated,2000,10,9.97679489958582
10000042,mean,estimated,2000,11,1.98809538448889
10000042,mean,estimated,2000,12,0.991612703300974
10000042,mean,estimated,2001,1,15.3806773004396
10000042,mean,estimated,2001,2,4.49639542402538
10000042,mean,estimated,2001,3,3.06823338581593
10000042,mean,estimated,2001,4,0.461967953117431
10000042,mean,estimated,2001,5,2.14805507734388
10000042,mean,estimated,2001,6,2.38524330369731
10000042,mean,estimated,2001,7,4.73769275794836
10000042,mean,estimated,2001,8,10.6040631552195
10000042,mean,estimated,2001,9,2.22608637454645
10000042,mean,estimated,2001,10,9.87366116033627
10000042,mean,estimated,2001,11,3.42554472698066
10000042,mean,estimated,2001,12,1.0786079287947
10000042,mean,estimated,2002,1,14.5807046830271
10000042,mean,estimated,2002,2,14.2236199039238
10000042,mean,estimated,2002,3,1.11068237566539
10000042,mean,estimated,2002,4,0.505533237389851
10000042,mean,estimated,2002,5,2.46227569405553
10000042,mean,estimated,2002,6,2.66347505897294
10000042,mean,estimated,2002,7,15.7067693879222
10000042,mean,estimated,2002,8,15.1320602609946
10000042,mean,estimated,2002,9,2.47886206250957
10000042,mean,estimated,2002,10,11.4410249645349
10000042,mean,estimated,2002,11,4.18897844181343
10000042,mean,estimated,2002,12,2.089757273423
10000042,mean,estimated,2003,1,14.6439605479815
10000042,mean,estimated,2003,2,8.21997306893566
10000042,mean,estimated,2003,3,4.05494223087075
10000042,mean,estimated,2003,4,0.585341637995621
10000042,mean,estimated,2003,5,2.1483924914416
10000042,mean,estimated,2003,6,2.40060068306701
10000042,mean,estimated,2003,7,4.22934721201681
10000042,mean,estimated,2003,8,11.5920808091994
10000042,mean,estimated,2003,9,2.20723416012785
10000042,mean,estimated,2003,10,4.68192374103193
10000042,mean,estimated,2003,11,2.09081755496264
10000042,mean,estimated,2003,12,1.78486463995412
10000042,mean,estimated,2004,1,14.3870412183296
10000042,mean,estimated,2004,2,4.27156554502502
10000042,mean,estimated,2004,3,1.00090663114298
10000042,mean,estimated,2004,4,0.487578899709395
10000042,mean,estimated,2004,5,2.13528436645303
10000042,mean,estimated,2004,6,2.44430527159639
10000042,mean,estimated,2004,7,4.32037497586358
10000042,mean,estimated,2004,8,11.5219247093739
10000042,mean,estimated,2004,9,2.38170541943323
10000042,mean,estimated,2004,10,5.19763116456461
10000042,mean,estimated,2004,11,3.11389689690842
10000042,mean,estimated,2004,12,3.9532134624516
10000042,mean,estimated,2005,1,17.0235979966863
10000042,mean,estimated,2005,2,53.1420737968996
10000042,mean,estimated,2005,3,10.8088336099454
10000042,mean,estimated,2005,4,1.47181650160042
10000042,mean,estimated,2005,5,2.27517186525492
10000042,mean,estimated,2005,6,2.59852655895328
10000042,mean,estimated,2005,7,4.73017345212903
10000042,mean,estimated,2005,8,13.8976769355833
10000042,mean,estimated,2005,9,2.49201050970277
10000042,mean,estimated,2005,10,5.10637320797688
10000042,mean,estimated,2005,11,3.55895102822514
10000042,mean,estimated,2005,12,0.15336638145684
10000042,mean,estimated,2006,1,15.3103875785165
10000042,mean,estimated,2006,2,29.2753222115893
10000042,mean,estimated,2006,3,4.20042316262026
10000042,mean,estimated,2006,4,0.448041948896431
10000042,mean,estimated,2006,5,2.33028610699865
10000042,mean,estimated,2006,6,2.29701428813037
10000042,mean,estimated,2006,7,15.8431167243075
10000042,mean,estimated,2006,8,14.7039463155042
10000042,mean,estimated,2006,9,2.77165050017898
10000042,mean,estimated,2006,10,8.78224626703814
10000042,mean,estimated,2006,11,4.39731248511097
10000042,mean,estimated,2006,12,0.603868580549143
10000042,mean,estimated,2007,1,11.8163647684092
10000042,mean,estimated,2007,2,14.03069902034
10000042,mean,estimated,2007,3,2.07799782343368
10000042,mean,estimated,2007,4,0.399706484599976
10000042,mean,estimated,2007,5,2.11825663391997
10000042,mean,estimated,2007,6,2.43466974094101
10000042,mean,estimated,2007,7,5.49094102096611
10000042,mean,estimated,2007,8,11.0029779139229
10000042,mean,estimated,2007,9,2.21709654728094
10000042,mean,estimated,2007,10,6.79855621569635
10000042,mean,estimated,2007,11,3.14019353294081
10000042,mean,estimated,2007,12,0.970177377580574
10000042,mean,estimated,2008,1,14.9152419416823
10000042,mean,estimated,2008,2,4.05000701848264
10000042,mean,estimated,2008,3,0.840370884589123
10000042,mean,estimated,2008,4,0.401936321585635
10000042,mean,estimated,2008,5,2.46263299591401
10000042,mean,estimated,2008,6,2.26441520526574
10000042,mean,estimated,2008,7,5.79883277051538
10000042,mean,estimated,2008,8,13.8956309281193
10000042,mean,estimated,2008,9,2.65346114421537
10000042,mean,estimated,2008,10,4.44517128501897
10000042,mean,estimated,2008,11,3.556932831399
10000042,mean,estimated,2008,12,3.41161182521701
10000042,mean,estimated,2009,1,13.5268680516234
10000042,mean,estimated,2009,2,5.4794844850739
10000042,mean,estimated,2009,3,2.32799738813431
10000042,mean,estimated,2009,4,0.484803825539573
10000042,mean,estimated,2009,5,2.15120847298983
10000042,mean,estimated,2009,6,2.3716462963601
10000042,mean,estimated,2009,7,6.40821598341629
10000042,mean,estimated,2009,8,14.2481788891002
10000042,mean,estimated,2009,9,2.177752709317
10000042,mean,estimated,2009,10,3.85912696812783
10000042,mean,estimated,2009,11,2.84898558726743
10000042,mean,estimated,2009,12,2.21857284678135
10000042,mean,estimated,2010,1,18.0476107410068
10000042,mean,estimated,2010,2,9.32087860875722
10000042,mean,estimated,2010,3,7.9620157119891
10000042,mean,estimated,2010,4,0.560077454059773
10000042,mean,estimated,2010,5,2.21756753868146
10000042,mean,estimated,2010,6,2.36244501244239
10000042,mean,estimated,2010,7,3.94447329132576
10000042,mean,estimated,2010,8,12.0052569842726
10000042,mean,estimated,2010,9,2.09325981502985
10000042,mean,estimated,2010,10,3.40724538801831
10000042,mean,estimated,2010,11,2.31626300026324
10000042,mean,estimated,2010,12,2.47392621182844
10000042,mean,estimated,2011,1,9.7527660057865
10000042,mean,estimated,2011,2,5.01959757682825
10000042,mean,estimated,2011,3,1.92900057551172
10000042,mean,estimated,2011,4,0.544292577533512
10000042,mean,estimated,2011,5,2.26162327383058
10000042,mean,estimated,2011,6,2.44579482049956
10000042,mean,estimated,2011,7,6.7850260463919
10000042,mean,estimated,2011,8,12.9900842809863
10000042,mean,estimated,2011,9,4.02406072777346
10000042,mean,estimated,2011,10,12.1271896198552
10000042,mean,estimated,2011,11,4.71297610546987
10000042,mean,estimated,2011,12,2.31671978790883
10000042,mean,estimated,2012,1,13.2532174468581
10000042,mean,estimated,2012,2,3.96127084403145
10000042,mean,estimated,2012,3,0.903690351259937
10000042,mean,estimated,2012,4,0.385733532268129
10000042,mean,estimated,2012,5,2.14164036075173
10000042,mean,estimated,2012,6,2.43332713565681
10000042,mean,estimated,2012,7,18.4080896780493
10000042,mean,estimated,2012,8,15.4807241595557
10000042,mean,estimated,2012,9,2.75454330706729
10000042,mean,estimated,2012,10,3.58215104655105
10000042,mean,estimated,2012,11,2.78050645072641
10000042,mean,estimated,2012,12,1.81855633668171
10000042,mean,estimated,2013,1,13.3614783671557
10000042,mean,estimated,2013,2,4.26147798060008
10000042,mean,estimated,2013,3,1.58575950529035
10000042,mean,estimated,2013,4,0.393499906231483
10000042,mean,estimated,2013,5,2.45168112701567
10000042,mean,estimated,2013,6,2.45337418503547
10000042,mean,estimated,2013,7,5.68257987356806
10000042,mean,estimated,2013,8,13.3540306466767
10000042,mean,estimated,2013,9,2.78975069693284
10000042,mean,estimated,2013,10,4.54514421051928
10000042,mean,estimated,2013,11,7.03475719007159
10000042,mean,estimated,2013,12,5.19269366521831
10000042,mean,estimated,2014,1,14.0916131864845
10000042,mean,estimated,2014,2,4.55924476024338
10000042,mean,estimated,2014,3,1.03515587580514
10000042,mean,estimated,2014,4,0.608868400671522
10000042,mean,estimated,2014,5,2.29707428153207
10000042,mean,estimated,2014,6,2.4277199414466
10000042,mean,estimated,2014,7,15.7427178169314
10000042,mean,estimated,2014,8,13.8017432340216
10000042,mean,estimated,2014,9,2.82210408465777
10000042,mean,estimated,2014,10,4.85947306361022
10000042,mean,estimated,2014,11,4.77722535953071
10000042,mean,estimated,2014,12,0.589643332811318
10000042,mean,estimated,2015,1,15.4281068317789
10000042,mean,estimated,2015,2,4.46296251768241
10000042,mean,estimated,2015,3,1.82311081702611
10000042,mean,estimated,2015,4,0.414886217542693
10000042,mean,estimated,2015,5,1.97738167026595
10000042,mean,estimated,2015,6,2.35605889548437
10000042,mean,estimated,2015,7,5.06994119118941
10000042,mean,estimated,2015,8,10.8688512677316
10000042,mean,estimated,2015,9,2.35417830871509
10000042,mean,estimated,2015,10,12.5291060490991
10000042,mean,estimated,2015,11,3.16357309787808
10000042,mean,estimated,2015,12,0.175976794740972
