COMID,GNIS_Name,AreaSqKM,TotDASqKM,DivDASqKM
25138804,Colorado River,3.1473,402516.1008,402113.0925
25138766,Colorado River,10.1628,402551.2314,402148.2231
945010408,Colorado River,8.1945,404350.3494,403935.1731
945010409,Colorado River,2.3328,404397.6822,403982.5059
25138590,Colorado River,4.6215,404455.9158,404040.7395
25138602,Colorado River,0.1539,404491.1409,404075.9646
25138604,Colorado River,0.1791,404502.2676,404087.0913
25138582,Colorado River,0.7542,404519.3811,404104.2048
25138598,Colorado River,0.0909,404523.4554,404108.2791
25138600,Colorado River,0.2124,404527.3479,404112.1716
25138610,Colorado River,6.7806,404574.4827,404159.3064
25138612,Colorado River,1.8666,404577.8892,404162.7129
25138620,Colorado River,0.0531,404581.8645,404166.6882
25138622,Colorado River,4.7628,404591.913,404176.7367
25138624,Colorado River,0.6381,404621.9577,404206.7814
25138632,Colorado River,4.0617,404635.1598,404219.9835
25138634,Colorado River,1.7856,404641.9404,404226.7641
25138646,Colorado River,4.0329,404661.2247,404246.0484
25138652,Colorado River,0.1188,404666.1594,404250.9831
25138654,Colorado River,0.0486,404683.5537,404268.3774
25138676,Colorado River,10.7424,404699.0274,404283.8511
25138688,Colorado River,0.0918,404862.6348,404447.4585
25138690,Colorado River,2.1114,404887.8753,404472.699
25138686,Colorado River,2.6271,404898.5394,404483.3631
25138684,Colorado River,1.3221,404912.6271,404497.4508
25138736,Colorado River,3.8511,404934.4053,404519.229
25138740,Colorado River,11.5767,408763.5849,407160.0621
25138746,Colorado River,3.186,408829.2165,407225.6937
25138754,Colorado River,8.4924,408854.4606,407250.9378
25138756,Colorado River,2.0844,408879.8424,407276.3196
25138762,Colorado River,0,408885.1893,407281.6665
25138764,Colorado River,1.2879,408885.1893,407281.6665
21434295,Colorado River,0.036,408885.2253,407281.7025
21434297,Colorado River,3.7377,408888.963,407285.4402
21442559,Colorado River,0.0054,408895.9029,407292.3801
21435121,Colorado River,0.5139,408905.8884,407302.3656
21435127,Colorado River,0.8694,408909.9087,407306.3859
21435129,Colorado River,0.0045,408911.9643,407308.4415
21435133,Colorado River,2.3634,408939.8994,407336.3766
21435139,Colorado River,0.6273,408944.1213,407340.5985
21435141,Colorado River,0.0207,408973.176,407369.6532
21435143,Colorado River,0.0891,408973.2651,407369.7423
21435145,Colorado River,0.0873,408973.3524,407369.8296
21435149,Colorado River,2.1222,409004.1801,407400.6573
21435153,Colorado River,0.0558,409007.8386,407404.3158
21435157,Colorado River,3.1689,409011.0678,407407.545
21435161,Colorado River,1.6146,409014.1035,407410.5807
21435163,Colorado River,0.1053,409014.2088,407410.686
21435167,Colorado River,0.0423,409014.2511,407410.7283
21435169,Colorado River,2.0331,409019.7105,407416.1877
21435173,Colorado River,0.0144,409025.6388,407422.116
21435177,Colorado River,0.0468,409026.9672,407423.4444
21435179,Colorado River,0.0819,409027.0491,407423.5263
21435181,Colorado River,0.0414,409027.0905,407423.5677
21435185,Colorado River,1.7811,409031.1549,407427.6321
21435189,Colorado River,0.0108,409031.1657,407427.6429
21435191,Colorado River,0.0315,409060.4517,407456.9289
21435197,Colorado River,1.0017,409061.4534,407457.9306
21435199,Colorado River,0.432,409067.2008,407463.678
21435205,Colorado River,0.1188,409072.8285,407469.3057
21435207,Colorado River,0.0477,409072.8762,407469.3534
21435209,Colorado River,0.1872,409073.0634,407469.5406
21435215,Colorado River,1.287,409076.4546,407472.9318
21435219,Colorado River,28.9395,409107.1095,407503.5867
21435221,Colorado River,0.0729,409116.5541,407513.0313
21435225,Colorado River,0.0729,409127.9049,407524.3821
21435231,Colorado River,0.6561,409238.0838,407634.561
21435233,Colorado River,0.5031,409238.5869,407635.0641
21435237,Colorado River,2.4201,409241.007,407637.4842
21435239,Colorado River,4.5612,409248.594,407645.0712
21435243,Colorado River,0.3177,409250.2104,407646.6876
21435247,Colorado River,0.0729,409284.234,407680.7112
21435249,Colorado River,0.1332,409284.3672,407680.8444
21435251,Colorado River,0.0549,409284.4221,407680.8993
21435257,Colorado River,2.97,409287.3921,407683.8693
21435261,Colorado River,0.1062,409295.7009,407692.1781
21435265,Colorado River,0.6939,409299.0669,407695.5441
21435269,Colorado River,0.3114,409300.8453,407697.3225
21435273,Colorado River,1.3869,409308.4359,407704.9131
21435279,Colorado River,5.8554,409316.7843,407713.2615
21435281,Colorado River,2.3589,409322.0457,407718.5229
21435285,Colorado River,4.1499,409340.0214,407736.4986
21435289,Colorado River,4.3542,409358.8548,407755.332
21435295,Colorado River,0.0063,409360.7115,407757.1887
21442607,Colorado River,1.5714,409390.4439,407786.9211
21435297,Colorado River,4.482,409408.2468,407804.724
21435303,Colorado River,15.8697,409451.0301,407847.5073
21435305,Colorado River,0.7938,409453.8264,407850.3036
21435309,Colorado River,0.2259,409467.0933,407863.5705
21435313,Colorado River,0.7029,409479.1308,407875.608
21435319,Colorado River,23.2686,409561.1964,407957.6736
21435321,Colorado River,17.1837,409580.5221,407976.9993
21435325,Colorado River,7.7967,409590.8136,407987.2908
21435329,Colorado River,4.5684,409603.0014,407999.4786
21442609,Colorado River,0.3447,409625.5563,408022.0335
21435335,Colorado River,0.0693,409629.0699,408025.5471
21435337,Colorado River,0.1107,409633.4781,408029.9553
21435341,Colorado River,0.486,409681.8918,408078.369
21435347,Colorado River,0.2655,409686.5727,408083.0499
21435349,Colorado River,57.735,409746.2832,408142.7604
21435353,Colorado River,0.0963,409750.0713,408146.5485
21435359,Colorado River,0.0792,409766.2632,408162.7404
21435363,Colorado River,0.5805,409769.8974,408166.3746
21435369,Colorado River,0.1512,409770.0486,408166.5258
21435373,Colorado River,0.0864,409798.8486,408195.3258
21435377,Colorado River,0.5076,409821.9336,408218.4108
21435379,Colorado River,4.7043,409829.8698,408226.347
21435383,Colorado River,0.2169,409847.3325,408243.8097
21435385,Colorado River,0.0378,409848.6951,408245.1723
21435393,Colorado River,3.4101,409854.4038,408250.881
21435401,Colorado River,0.0243,409862.1618,408258.639
21442611,Colorado River,1.1961,409909.8987,408306.3759
21435411,Colorado River,1.6281,409939.9794,408336.4566
21435415,Colorado River,0.3465,409950.3402,408346.8174
21435419,Colorado River,0.6561,409955.9679,408352.4451
21435421,Colorado River,2.0412,409967.8173,408364.2945
21442613,Colorado River,2.8521,409975.8552,408372.3324
21435429,Colorado River,0.0135,409994.7174,408391.1946
21435431,Colorado River,0.0099,410000.4432,408396.9204
21435433,Colorado River,2.6649,410023.3455,408419.8227
21435435,Colorado River,0.5724,410037.8877,408434.3649
21435441,Colorado River,0.0747,410041.8945,408438.3717
21442615,Colorado River,0.4446,410053.9437,408450.4209
21435445,Colorado River,4.9545,410059.9368,408456.414
21442617,Colorado River,0.0261,410118.4773,408514.9545
21436751,Colorado River,0.0297,410118.507,408514.9842
21436753,Colorado River,8.6211,410127.1281,408523.6053
945030295,Colorado River,2.8962,410132.6973,408529.1745
945030296,Colorado River,4.6116,410197.8645,408594.3417
945030298,Colorado River,104.0454,410330.9925,408727.4697
945030299,Colorado River,1.9008,410438.8791,408835.3563
945030297,Colorado River,32.9508,410517.1341,408913.6113
21436767,Colorado River,0.1953,410540.7699,408937.2471
21436769,Colorado River,0.0441,410573.5569,408970.0341
21436773,Colorado River,0.324,410592.879,408989.3562
21436779,Colorado River,0.0945,410603.5251,409000.0023
21436781,Colorado River,0.1251,410612.6556,409009.1328
21436787,Colorado River,0.0648,410624.4591,409020.9363
21436789,Colorado River,21.0258,410653.2708,409049.748
21436793,Colorado River,0.0072,410687.3637,409083.8409
21442599,Colorado River,2.0097,410729.4504,409125.9276
21442601,Colorado River,0.4014,410739.0858,409135.563
21442603,Colorado River,0.3294,410769.027,409165.5042
21436797,Colorado River,0.0072,410801.958,409198.4352
21442605,Colorado River,22.0977,410869.2627,409265.7399
945030301,Colorado River,1.7046,410881.6971,409278.1743
945030300,Colorado River,5.5674,410917.9689,409314.4461
21436807,Colorado River,0.7677,410939.7912,409336.2684
21436809,Colorado River,0.0225,410952.2139,409348.6911
21436815,Colorado River,0.5625,410955.0498,409351.527
21436817,Colorado River,0.0729,410982.12,409378.5972
21436823,Colorado River,0.4302,410985.5472,409382.0244
21436825,Colorado River,5.8248,410993.4051,409389.8823
21436829,Colorado River,0.0198,411000.7014,409397.1786
21436837,Colorado River,3.5847,411008.7726,409405.2498
21436843,Colorado River,0.0378,411039.4878,409435.965
21436849,Colorado River,8.4645,411100.3053,409496.7825
21436853,Colorado River,5.3631,411110.9694,409507.4466
21436049,Colorado River,0,411142.1607,409538.6379
21436857,Colorado River,0.5454,411142.1607,409538.6379
21436859,Colorado River,0.4365,411142.5972,409539.0744
21436863,Colorado River,34.5393,411202.7388,409599.216
21436867,Colorado River,0.0054,411207.1884,409603.6656
945030303,Colorado River,46.9863,411261.6051,409658.0823
945030302,Colorado River,9.468,411336.504,409732.9812
945030304,Colorado River,0.5157,411392.4273,409788.9045
21436875,Colorado River,1.1862,411401.853,409798.3302
945030305,Colorado River,34.2144,411529.1958,409925.673
945030307,Colorado River,3.5028,411583.4658,409979.943
945030306,Colorado River,23.5008,411626.2653,410022.7425
21436883,Colorado River,6.3756,411647.4135,410043.8907
21436885,Colorado River,88.7922,411736.2057,410132.6829
21438171,Colorado River,108.1701,411844.3758,410240.853
21438173,Colorado River,55.5264,411899.9022,410296.3794
21438175,Colorado River,1.6614,411901.5636,410298.0408
21438179,Colorado River,0.7452,411917.7987,410314.2759
21438183,Colorado River,26.2854,412051.3371,410447.8143
21438185,Colorado River,0.1908,412051.5279,410448.0051
21438193,Colorado River,2.5947,412061.2335,410457.7107
21438199,Colorado River,0.2772,412081.5906,410478.0678
21438203,Colorado River,0.2709,412116.5871,410513.0643
945030318,Colorado River,1.9926,412151.8176,410548.2948
945030317,Colorado River,2.4084,412178.5485,410575.0257
21438243,Colorado River,0.7407,412301.0862,410697.5634
21438257,Colorado River,3.2706,412314.4485,410710.9257
21438265,Colorado River,3.0879,412373.196,410769.6732
21438271,Colorado River,0.4671,412385.1579,410781.6351
21438275,Colorado River,2.8548,416207.0574,414603.5346
21438279,Colorado River,1.035,416222.8074,414619.2846
21438283,Colorado River,0.0522,416226.1248,414622.602
21438289,Colorado River,3.4866,416246.2227,414642.6999
21438293,Colorado River,0.0225,416246.2452,414642.7224
21438295,Colorado River,0.0063,416257.6869,414654.1641
21438299,Colorado River,0.5499,416258.2368,414654.714
21438305,Colorado River,1.6452,416262.4884,414658.9656
21438309,Colorado River,1.3815,416265.057,414661.5342
21438313,Colorado River,0.9414,416269.2672,414665.7444
21442597,Colorado River,0.0477,416308.5468,414695.5794
21438319,Colorado River,3.915,416315.862,414702.8946
21438321,Colorado River,0,416325.8205,414712.8531
21438323,Colorado River,1.6452,416327.4657,414714.4983
21438327,Colorado River,0.2709,416327.7366,414714.7692
21438337,Colorado River,0.1989,416338.8624,414725.895
21438339,Colorado River,1.3779,416343.0987,414730.1313
21438343,Colorado River,0.0738,416356.4394,414743.472
21438345,Colorado River,0.0162,416416.5729,414813.0501
21438349,Colorado River,0.7479,416417.3208,414813.798
21438351,Colorado River,1.7361,416419.0569,414815.5341
21438353,Colorado River,0.2286,416419.2855,414815.7627
21438355,Colorado River,0.0441,416419.3296,414815.8068
21438359,Colorado River,0.0945,416419.4241,414815.9013
21438361,Colorado River,0.0846,416473.488,414869.9652
21438365,Colorado River,0.4995,416473.9875,414870.4647
21438377,Colorado River,1.5183,416484.2043,414880.6815
21438369,Colorado River,0.0657,416484.27,414880.7472
21438373,Colorado River,0,416484.27,414880.7472
21438385,Colorado River,1.9152,416487.681,414884.1582
21438387,Colorado River,0.0522,416487.7332,414884.2104
21438389,Colorado River,0.4194,416488.1526,414884.6298
21438391,Colorado River,0.2007,416488.3533,414884.8305
21438397,Colorado River,0.2241,416493.315,414889.7922
21438399,Colorado River,0.189,416493.504,414889.9812
21438403,Colorado River,0.3483,416509.7787,414906.2559
21438405,Colorado River,0.8577,416510.6364,414907.1136
21438407,Colorado River,0.1665,416510.8029,414907.2801
21438409,Colorado River,0,416510.8029,414907.2801
21438419,Colorado River,0.9783,416518.9767,414915.4539
21438425,Colorado River,0.1683,416519.145,414915.6222
21438427,Colorado River,1.4265,416535.2172,414931.6944
21438429,Colorado River,1.9494,416537.1666,414933.6438
21438431,Colorado River,0.0945,416537.2611,414933.7383
21438437,Colorado River,0.0747,416537.3358,414933.813
21438443,Colorado River,0.0684,416553.6195,414950.0967
21438447,Colorado River,0.3681,416553.9876,414950.4648
21438449,Colorado River,0.027,416569.7043,414966.1815
21438455,Colorado River,0.1935,416586.8835,414983.3607
21438459,Colorado River,17.1063,416644.209,415040.6862
21438475,Colorado River,1.5885,416709.2943,415105.7715
21438465,Colorado River,0.8442,416715.6762,415112.1534
21439355,Colorado River,0.3906,416716.0668,415112.544
21439359,Colorado River,0.2376,416731.5036,415127.9808
21439361,Colorado River,0.0873,416757.3867,415153.8639
21439365,Colorado River,0.1782,416767.4307,415163.9079
21439369,Colorado River,0.0477,416788.4241,415184.9013
21439375,Colorado River,0.0522,416806.3179,415202.7951
21439377,Colorado River,0.6813,416817.1377,415213.6149
21439381,Colorado River,0.477,418065.4791,416461.9563
21439385,Colorado River,0.2547,418082.4459,416478.9231
21439389,Colorado River,0.1521,418090.5756,416487.0528
21439393,Colorado River,23.445,418186.9566,416583.4338
21439397,Colorado River,2.6856,418196.2041,416592.6813
21439401,Colorado River,0.0981,418204.3419,416600.8191
21439491,Colorado River,3.4083,418215.8745,416612.3517
21439405,Colorado River,0.3312,418229.3466,416625.8238
21439493,Colorado River,0.1008,418235.8374,416632.3146
21439409,Colorado River,0.0648,418248.5112,416644.9884
21439415,Colorado River,3.6909,418283.0172,416679.4944
21439419,Colorado River,0.5148,418314.0762,416710.5534
21439423,Colorado River,0.8181,418322.0727,416718.5499
21439425,Colorado River,1.2195,418369.3398,416765.817
21439429,Colorado River,1.0701,418374.9135,416771.3907
21439435,Colorado River,1.4742,418405.4316,416801.9088
21439433,Colorado River,0.0783,418492.8891,416889.3663
21439441,Colorado River,1.7973,418496.8383,416893.3155
21439447,Colorado River,6.813,418508.091,416904.5682
21439451,Colorado River,7.5069,418520.6073,416917.0845
21439455,Colorado River,16.4988,418633.9272,417030.4044
21442585,Colorado River,0.3474,418646.3643,417042.8415
21439459,Colorado River,0.0567,418666.9851,417063.4623
21439463,Colorado River,0.675,418680.6534,417077.1306
21439467,Colorado River,2.7144,418690.1511,417086.6283
21439471,Colorado River,11.6289,418735.0566,417131.5338
21439475,Colorado River,2.2464,418756.7538,417153.231
21442587,Colorado River,0.0648,418775.5656,417172.0428
21439477,Colorado River,1.3302,418781.295,417177.7722
21439507,Colorado River,0.7884,432153.7398,430550.217
21439479,Colorado River,0.0027,432153.9495,430550.4267
9998136,Colorado River,0.7371,432154.6866,430551.1638
9998140,Colorado River,2.8755,432161.8578,430558.335
9998144,Colorado River,0.0486,432166.8123,430563.2895
9998258,Colorado River,4.8105,432176.085,430572.5622
9998148,Colorado River,15.6123,432207.4671,430603.9443
9998154,Colorado River,1.341,432210.5784,430607.0556
9998158,Colorado River,2.7558,432250.0785,430646.5557
9998164,Colorado River,0.882,432262.5408,430659.018
9998166,Colorado River,0.0135,432267.3819,430663.8591
9998172,Colorado River,4.3155,432273.0033,430669.4805
9998176,Colorado River,0.0162,432276.5052,430672.9824
9998180,Colorado River,1.1646,432287.4897,430683.9669
9998184,Colorado River,1.0548,432294.5862,430691.0634
9998188,Colorado River,0.2889,432297.6489,430694.1261
9998192,Colorado River,4.6566,432334.4202,430730.8974
9998194, ,0,432334.4202,0
9997186, ,0.0477,432334.4679,0.0477
9997188, ,0.0315,432334.4994,0.0792
9997196, ,0.018,432334.5174,0.0972
9997202, ,0.0189,432334.5363,0.0189
9997206, ,0.0414,432334.5408,0.0414
9997200, ,0.0243,432334.5417,0.1215
9997210, ,1.6371,432336.105,1.6371
9997204, ,0.0108,432336.2085,1.7883
9997208, ,0.0027,432336.2526,1.8324
9998200, ,0.0135,432336.2661,1.8459
9998196,Colorado River,3.3282,432337.7484,430734.2256
9998202,Colorado River,0.0909,432358.1622,430754.6394
9998204,Colorado River,0.9135,432360.9216,430757.3988
9998208,Colorado River,0.2196,432369.9729,430766.4501
9998212,Colorado River,3.0897,432376.7976,430773.2748
9998222,Colorado River,44.8245,432766.3383,431162.8155
9998218,Colorado River,0.0567,432778.1985,431174.6757
9998226,Colorado River,29.0367,432817.7076,431214.1848
9998224, ,0,432817.7076,0
9997336, ,0.009,432817.7166,0.009
9998256, ,0.0027,432817.7193,0.0117
10010510,Colorado River,0.1008,432817.8084,431214.2856
10010662, ,0.0225,432819.9495,2.2419
10010504, ,0.0342,432819.9837,2.2761
9998228,Colorado River,2.2104,432822.2949,431218.7721
9998262,Colorado River,2.745,432832.437,431228.9142
10010426,Colorado River,0.1269,432846.5292,431243.0064
9998238,Colorado River,3.2166,432878.0301,431274.5073
9998236,Colorado River,0.2655,432931.1679,431323.9263
9998270,Colorado River,0.414,432944.7633,431337.5217
9998240,Colorado River,7.0596,432967.8033,431360.5617
9998272,Colorado River,0.1746,432967.9779,431360.7363
9998242,Colorado River,0.2187,433067.778,431464.2552
9998246,Colorado River,0.675,433778.8131,432174.0096
9998250,Colorado River,12.9861,433796.8059,432192.0024
9998254,Colorado River,4.6872,433812.0933,432207.2898
10001152,Colorado River,0.5256,433812.6189,432207.8154
10010632,Colorado River,26.136,434015.658,432410.8545
945030201,Colorado River,13.6044,434029.2633,432424.4598
945030200,Colorado River,85.5945,434157.0606,432552.2571
10001254,Colorado River,0.3186,434160.99,432556.1865
10001158,Colorado River,18.8325,434191.8267,432587.0232
10001160,Colorado River,4.896,434216.4147,432611.6112
10001162, ,0,434216.4147,0
10001166,Colorado River,8.424,434224.8387,432620.0352
9999214, ,8.4663,434224.881,8.4663
10001164, ,0.0657,434224.9467,8.532
10001168,Colorado River,1.0539,434234.4246,432629.6211
10001300,Colorado River,0.3834,434238.2226,432633.4191
10001172,Colorado River,1.9134,434259.2646,432654.4611
10001174, ,0.0081,434259.2727,0.0081
10001176,Colorado River,0.2529,434259.5175,432654.714
9999324, ,0.3411,434259.6138,0.3492
10001178, ,0.0189,434259.6327,0.3681
10001180,Colorado River,1.7046,434261.5902,432656.7867
945030167,Colorado River,1.3473,434262.9375,432658.134
945030166,Colorado River,5.9985,434278.71,432673.9065
945030202,Colorado River,17.9982,434296.7082,432691.9047
945030203,Colorado River,0.4536,434304.243,432699.4395
10001240, ,0.1008,434304.3438,0.1008
9999688, ,0.0324,434304.3762,0.1332
10010638,Colorado River,0.2106,434304.4536,432699.6501
10001242, ,0.1017,434304.4779,0.2349
10010640,Colorado River,0.1989,434304.8874,432700.0839
10010642,Colorado River,0.2412,434305.1286,432700.3251
10010644,Colorado River,0.0747,434305.2033,432700.3998
10001184, ,0,436744.5399,0
10010646,Colorado River,7.0713,436744.5399,433289.3364
9999910, ,2.9439,436747.4838,2.9439
10001188, ,0.0702,436747.554,3.0141
10001186,Colorado River,8.0298,436752.5697,433297.3662
10010648,Colorado River,1.7919,436754.3616,433299.1581
10001272, ,0.0225,436754.3841,0.0225
10010650,Colorado River,0.1602,436754.5218,433299.3183
9999950, ,0.4608,436754.8449,0.4833
10001190, ,0.0198,436754.8647,0.5031
10001192,Colorado River,16.8012,436774.3371,433319.1336
10001194,Colorado River,0.0153,436774.8555,433319.652
10001196, ,0.0216,436774.8771,0.0216
10001298,Colorado River,0.4311,436775.2866,433320.0831
10000010, ,1.0998,436775.9769,1.1214
10001198, ,0.0918,436776.0687,1.2132
10001200,Colorado River,9.1359,436784.4225,433329.219
10010652,Colorado River,0.1242,436784.5467,433329.3432
10001202,Colorado River,0.828,436786.5879,433331.3844
10010654,Colorado River,0.2016,436827.1428,433371.9393
10001204, ,0.0144,436827.1572,0.0144
10001206,Colorado River,0.4104,436827.5532,433372.3497
10001208, ,0.0324,436827.5856,0.0324
10000090, ,0.612,436827.7692,0.6264
10000104, ,0.3771,436827.9627,0.4095
10001210,Colorado River,6.066,436833.6192,433378.4157
10001292, ,0,436833.6192,0
10000152, ,0.2907,436833.9099,0.2907
10010656,Colorado River,0.4815,436834.1007,433378.8972
10001238,Colorado River,0.8055,436834.9062,433379.7027
10001236, ,0.0504,436834.9566,0.0504
10000176, ,0.0297,436834.9863,0.0801
10001212,Colorado River,0.1008,436835.007,433379.8035
10000146, ,0.3285,436873.3047,46.1619
10000148, ,0.1836,436873.8312,46.6884
10000150, ,0.1035,436874.7546,47.2014
10000174, ,0.342,436881.4533,47.8341
10000182, ,0,436882.8204,47.9142
10000186,Ehrenberg Wash,0.0828,436960.3023,125.3961
10001214,Ehrenberg Wash,0.0045,436960.3068,125.4006
10001216,Colorado River,5.8878,436966.2954,433511.0919
10010536,Colorado River,6.9525,436973.2479,433518.0444
10010534,Colorado River,0.0702,437010.1344,433554.9309
10001220, ,0,437070.9699,0
10001218,Colorado River,18.0702,437070.9699,433615.7664
10000554, ,0.3987,437071.3686,0.3987
10000574, ,0.1143,437071.4829,0.513
10000614, ,0.0189,437071.5018,0.0189
10000608, ,0.036,437071.5189,0.549
10000610, ,0.1791,437071.5477,0.1791
10000638, ,0.0909,437071.7889,0.819
10001224,Colorado River,4.3173,437075.2872,433620.0837
10000636, ,1.3437,437108.3856,36.9027
945030155, ,0.2853,437108.9769,38.007
945030154, ,0.171,437194.0818,98.7138
10000722, ,0.9972,437197.5576,102.1896
10000724, ,0.4914,437201.46,106.092
945030340, ,0.0711,437201.5311,106.1631
945030341, ,0.0288,437201.5599,106.1919
945030342, ,0.0027,437201.5626,106.1946
10001228,Colorado River,1.7775,437208.1434,433728.5418
10010658,Colorado River,1.5768,437209.7445,433730.1429
10010660,Colorado River,9.0243,437218.7688,433739.1672
10003804,Colorado River,3.9951,437222.7639,433743.1623
10003808,Colorado River,1.7595,437465.4291,433745.8605
10003810, ,0,437465.4291,0
10003812,Colorado River,0.1368,437465.5659,433745.9973
10001952, ,0.4698,437465.8989,0.4698
10001978, ,0.0558,437465.9547,0.0558
10001970, ,0.2169,437466.1158,0.6867
10001980, ,0.0828,437466.1986,0.7695
10001992, ,0.7785,437467.0329,1.6038
10001998, ,0.0396,437467.0725,1.6434
10003822, ,0.0225,437467.095,1.6659
10003816,Colorado River,4.1913,437480.046,434000.4444
10003820,Colorado River,0.2754,437483.1222,434003.5206
10003826,Colorado River,8.4474,437493.2355,434013.6339
10003830,Colorado River,1.2213,437527.0764,434047.4748
10003832,Colorado River,1.5921,437547.4704,434067.8688
10003838,Colorado River,17.6859,437765.2659,434285.6643
10010624,Colorado River,28.1871,437793.4557,434313.8541
10003842,Colorado River,0.7533,437797.017,434317.4154
10003844,Colorado River,1.0818,437798.0988,434318.4972
945030371, ,4.8951,437801.9121,4.8951
945030372, ,16.9335,437928.3936,131.3766
10010626, ,2.2437,437930.64,133.623
10003976,Colorado River,1.1322,438755.6493,435276.0477
10004000,Colorado River,0.0927,438770.3571,435290.7555
10003846,Colorado River,7.3638,438788.2194,435308.6178
945030190,Colorado River,5.1336,438795.6795,435316.0779
945030191,Colorado River,13.4199,439964.9847,436485.3831
945030399,Colorado River,2.4705,440101.0782,436621.4766
945030400,Colorado River,0.0405,440162.6769,436683.0753
945030192,Colorado River,8.811,440288.7921,436809.1905
10003860,Colorado River,0.9243,440314.0524,436834.4508
945030195,Colorado River,7.4259,440343.8064,436864.2048
945030194,Colorado River,6.894,440357.1417,436877.5401
10003868,Colorado River,0.0414,440357.1939,436877.5923
10003872,Colorado River,0.5688,440366.2407,436886.6391
10003876,Colorado River,45.8397,440435.5722,436955.9706
10003880,Colorado River,0.9999,440442.2142,436962.6126
10003884,Colorado River,0.1008,440499.2751,437019.6735
10003886,Colorado River,0.3069,440499.582,437019.9804
10003894,Colorado River,4.9545,440506.935,437027.3334
10003896,Colorado River,0.0963,440511.2514,437031.6498
10003904,Colorado River,5.1399,440518.5657,437038.9641
10003908,Colorado River,3.5181,440527.212,437047.6104
10003906, ,0,440527.212,0
945030196,Colorado River,0.2574,440527.4694,437047.8678
10003368, ,1.6929,440528.9049,1.6929
10003360, ,0.1125,440529.0174,1.8054
10003384, ,0.3816,440529.2865,0.3816
10003912, ,0.0135,440529.3,0.3951
10003910, ,1.2321,440530.2495,3.0375
10003970, ,2.3022,440532.5517,5.3397
10003972, ,0.0306,440532.5823,5.3703
945030197,Colorado River,0.3546,440557.6419,437078.0403
10003916,Colorado River,2.6064,440562.3363,437081.0418
945030199,Colorado River,0.0666,440566.0803,437086.4787
945030198,Colorado River,6.759,440618.8905,437139.2889
945030331,Colorado River,6.4062,440629.6923,437150.0907
945030332,Colorado River,0.4626,440646.4503,437166.8487
10003922, ,0,440668.4625,0
10003918,Colorado River,15.6078,440668.4625,437188.8609
10003388, ,0.0288,440668.4913,0.0288
10003924, ,0.0549,440668.5462,0.0837
10003920,Colorado River,0.2682,440668.7307,437189.1291
10003928,Colorado River,0.2601,440669.0745,437189.4729
10003930,Colorado River,0.0072,440856.8856,437377.284
10003934,Colorado River,0.036,440867.1726,437377.8141
10003942,Colorado River,4.9905,440872.2603,437392.6587
10003946,Colorado River,0.342,441119.6667,437640.0651
10003948,Colorado River,0.2088,441327.1428,437847.5412
10004878,Colorado River,0.1062,441327.249,437847.6474
10004880, ,0,441327.357,0
10004882,Colorado River,0.108,441327.357,437847.7554
10004254, ,0.4788,441327.8358,0.4788
10004886, ,0.009,441327.8448,0.4878
10004888, ,0.6606,441328.7871,1.4301
10004890, ,0.0054,441328.7925,1.4355
10004894, ,0.0486,441328.8357,0.0486
10004898,Colorado River,1.7928,441329.1498,437849.5482
10004294, ,0.4419,441329.2344,1.8774
10004896, ,0.009,441329.2434,1.8864
10004908, ,0,441331.731,0
10004910,Colorado River,0.6948,441331.731,437852.1294
10004928,Colorado River,0.1521,441331.8831,437852.2815
10004318, ,0.234,441331.965,0.234
10004914, ,0.009,441331.974,0.243
10004906, ,5.2668,441337.5684,8.7813
10004926,Colorado River,0.2502,441371.1483,437891.5467
10004924, ,0,441371.4606,0
10004920,Colorado River,0.0693,441371.4606,437891.859
10004974, ,0,441371.4984,0
10004918,Colorado River,0.0378,441371.4984,437891.8968
10004328, ,0.072,441371.5704,0.072
10004976,Colorado River,0.4653,441371.9637,437892.3621
10004858, ,0.5409,441372.0015,0.5409
10004322, ,0.0207,441372.132,0.6336
10004940, ,0.1521,441372.2841,0.7857
10004320, ,0.0198,441372.3039,0.8055
10004978, ,0.2223,441372.5262,1.0278
10010622, ,0.2718,441372.8376,1.3392
10004346, ,0.0018,441372.8394,1.341
10004350, ,0.3456,441373.2534,1.755
10004948, ,0.5103,441373.7637,2.2653
10004356, ,0.0441,441373.8078,2.3094
10004950, ,0.0144,441373.8222,2.3238
10004366, ,0.2025,441374.0247,2.5263
10004392, ,0.1647,441374.1894,0.1647
10004994, ,0.0261,441374.2155,0.1908
10004378, ,0.7074,441374.7321,3.2337
10004992, ,0.846,441375.5781,4.0797
10004998, ,0.0423,441375.8112,4.3128
10005000, ,0.0396,441376.1766,4.6782
10005002, ,0.0801,441376.2567,4.7583
10004912, ,0.1773,441579.8151,251.028
10004916, ,0.0369,441579.852,251.0649
10004922,Colorado River,0.081,441623.1096,438143.508
10004982,Colorado River,0,441623.1096,438143.508
10004984,Colorado River,1.1727,441624.2823,438144.6807
10005004,Colorado River,2.5146,441736.9029,438257.3013
10005022,Colorado River,1.6515,441743.3127,438263.7111
10005024,Colorado River,7.9983,441762.489,438282.8874
10005026,Colorado River,3.4506,441820.2924,438340.6908
10005030,Colorado River,0.0144,441820.9827,438341.3811
10005034,Colorado River,0.0135,441843.6519,438364.0503
21412853,Colorado River,0.0027,441843.6546,438364.053
21412645,Colorado River,5.6988,441849.3534,438369.7518
21413705,Colorado River,1.0755,441851.4117,438370.9443
21412663,Colorado River,18.4284,441870.6321,438390.1647
21412655, ,0,441878.283,0
21413707,Colorado River,0.4158,441878.283,438398.6814
21412661, ,0.0045,441878.2875,0.0045
21412667, ,0,441878.2875,0
21413709, ,0,441878.2875,0
21412665, ,0.0045,441878.292,0.009
21412651,Colorado River,0.0153,441878.2983,438398.6967
21411763, ,0.0144,441878.3064,0.0234
21412659, ,0.0018,441878.3082,0.0252
21412657, ,0.0063,441878.3145,0.0315
21412767, ,0.0396,441878.3271,0.0396
21411757, ,0.0234,441878.3379,0.0549
21412653, ,0.0171,441878.355,0.072
21411777, ,0.0288,441878.3559,0.0684
21411779, ,0.0576,441878.3847,0.0576
21412649,Colorado River,0.018,441878.3883,438398.7867
21412831, ,0.1296,441878.4171,0.1296
21412833, ,0,441878.4171,0.1296
21411789, ,0.0675,441878.4846,0.1971
21411791, ,0.1305,441878.6151,0.3276
21412835, ,0.2016,441878.6187,0.2016
945030249, ,0.0072,441878.6259,0.2088
21411801, ,0.1989,441878.6835,0.1989
21412577,Colorado River,0.3105,441878.6988,438399.0972
21411781, ,0,441878.7978,0
21412581, ,0.0054,441878.7978,0.5103
21411771, ,0.0081,441878.8059,0.5184
21411783, ,0.0135,441878.8113,0.0135
21411819, ,0.0999,441878.8977,0.0999
21411767,Colorado River,0.0045,441879.2217,438399.6201
21411807,Colorado River,0.2952,441879.5304,438399.9288
21411821, ,0,441879.5304,0
21412591,Colorado River,0.0738,441879.6042,438400.0026
21412769, ,0.0234,441879.6537,0.1233
21412669,Colorado River,0.162,441879.8895,438400.2879
945030248, ,0.081,441950.5188,72.1017
21411831, ,1.3401,441951.8589,73.4418
21411857, ,0.4293,441952.5546,74.07
21412671, ,0.0153,441952.5699,74.0853
21412675,Colorado River,0.2268,441954.2016,438474.6
21412679,Colorado River,0.5013,441954.8568,438475.2552
21412681,Colorado River,0.5508,441955.4319,438475.8303
21412687,Colorado River,3.7575,441959.9058,438480.3042
21412689, ,0,441959.9058,0
21412027, ,0.1593,441960.0651,0.1593
21412693, ,0.0423,441960.1074,0.2016
21412691,Colorado River,0.2583,441960.1641,438480.5625
21412713,Colorado River,1.3536,441961.7193,438482.1177
21413715,Colorado River,0.0765,441961.8201,438482.2185
21413717,Colorado River,0.7632,441979.5339,438499.9323
21412717,Colorado River,0.0324,441980.1909,438500.5893
21412735,Colorado River,0.7866,441980.9901,438501.3885
21412737,Colorado River,0,441981.4059,438501.8043
21412743,Colorado River,0.0063,441981.4122,438501.8106
21412745,Colorado River,0.5022,441982.5768,438502.9752
21412749,Colorado River,0.6237,441983.2194,438503.6178
21412755,Colorado River,1.5849,441986.2236,438506.622
21413723,Colorado River,1.9089,572609.484,556079.2974
21413721,Colorado River,0.1476,572609.6316,556079.445
21412777, ,0.3492,572609.9808,0.3492
21412163, ,0.4005,572610.3813,0.7497
21413719,Colorado River,0.8919,572610.5235,556080.3369
21412779, ,0.2133,572610.5946,0.963
21412753,Colorado River,43.5573,572655.0438,556124.8572
21412727,Colorado River,0,572664.816,556134.6294
21412731,Colorado River,0.1674,572664.816,556134.6294
21412725,Colorado River,0.0018,572664.8178,556134.6312
21412723,Colorado River,33.1461,572764.9275,556234.7409
21412861, ,0,572765.1075,0
21413713,Colorado River,0.18,572765.1075,556234.9209
21412139, ,0.1773,572765.2848,0.1773
21412705, ,0.0126,572765.2974,0.1899
21412709,Colorado River,0.2079,572765.3154,556235.1288
21412707,Colorado River,1.7838,572767.2891,556237.1025
21412701,Colorado River,0.1359,572767.4736,556237.287
21412803,Colorado River,0.7479,572768.307,556238.1204
945030254,Colorado River,4.9347,572773.2417,556243.0551
945030255,Colorado River,1.7595,572796.5598,556266.3732
21413711,Colorado River,3.1032,572799.663,556269.4764
21412711,Colorado River,30.5172,572830.1802,556299.9936
21412867,Colorado River,1.1592,572831.3394,556301.1528
21412181,Colorado River,0.6192,572831.9586,556301.772
21412869,Colorado River,0.2169,572832.1755,556301.9889
21412183,Colorado River,0.0981,572832.2736,556302.087
21412871,Colorado River,0.2889,572832.5625,556302.3759
21412757,Colorado River,0.2286,572832.7911,556302.6045
21412639,Colorado River,2.7243,572835.5154,556305.3288
21412847,Colorado River,2.5263,572838.0417,556307.8551
21412845,Colorado River,25.281,572863.3227,556333.1361
21412641,Colorado River,66.1032,572929.4259,556399.2393
21412191,Colorado River,1256.4306,574187.463,557657.2764
21412883,Colorado River,0.8703,574188.3333,557658.1467
