10000692,max,estimated,1950,1,0.128891096733111
10000692,max,estimated,1950,2,0.119492064689798
10000692,max,estimated,1950,3,0.0
10000692,max,estimated,1950,4,0.0
10000692,max,estimated,1950,5,0.0
10000692,max,estimated,1950,6,0.0
10000692,max,estimated,1950,7,0.0
10000692,max,estimated,1950,8,0.233840363002794
10000692,max,estimated,1950,9,0.0
10000692,max,estimated,1950,10,0.0
10000692,max,estimated,1950,11,0.142803107907779
10000692,max,estimated,1950,12,0.177823125234263
10000692,max,estimated,1951,1,0.240716239024338
10000692,max,estimated,1951,2,0.141571112106627
10000692,max,estimated,1951,3,0.0
10000692,max,estimated,1951,4,0.0
10000692,max,estimated,1951,5,0.0
10000692,max,estimated,1951,6,0.0
10000692,max,estimated,1951,7,0.0
10000692,max,estimated,1951,8,1.42662011760142
10000692,max,estimated,1951,9,0.132712860561127
10000692,max,estimated,1951,10,0.14197408121758
10000692,max,estimated,1951,11,0.162071857956458
10000692,max,estimated,1951,12,0.179943362820615
10000692,max,estimated,1952,1,0.150424731768775
10000692,max,estimated,1952,2,0.112908133203288
10000692,max,estimated,1952,3,0.0
10000692,max,estimated,1952,4,0.0
10000692,max,estimated,1952,5,0.0
10000692,max,estimated,1952,6,0.0
10000692,max,estimated,1952,7,0.0
10000692,max,estimated,1952,8,0.285087978354078
10000692,max,estimated,1952,9,0.0
10000692,max,estimated,1952,10,0.0
10000692,max,estimated,1952,11,0.140934274163074
10000692,max,estimated,1952,12,0.0
10000692,max,estimated,1953,1,0.100267153766237
10000692,max,estimated,1953,2,0.149110912091883
10000692,max,estimated,1953,3,0.0
10000692,max,estimated,1953,4,0.0
10000692,max,estimated,1953,5,0.0
10000692,max,estimated,1953,6,0.0
10000692,max,estimated,1953,7,0.0
10000692,max,estimated,1953,8,0.250877395114057
10000692,max,estimated,1953,9,0.10953933426796
10000692,max,estimated,1953,10,0.0
10000692,max,estimated,1953,11,0.152010671252412
10000692,max,estimated,1953,12,0.195855496099053
10000692,max,estimated,1954,1,0.219007247435517
10000692,max,estimated,1954,2,0.11864890417378
10000692,max,estimated,1954,3,0.0
10000692,max,estimated,1954,4,0.0
10000692,max,estimated,1954,5,0.0
10000692,max,estimated,1954,6,0.0
10000692,max,estimated,1954,7,0.0
10000692,max,estimated,1954,8,0.241900724503628
10000692,max,estimated,1954,9,0.0
10000692,max,estimated,1954,10,0.0
10000692,max,estimated,1954,11,0.139301275185993
10000692,max,estimated,1954,12,0.0
10000692,max,estimated,1955,1,0.197916599814752
10000692,max,estimated,1955,2,0.102406338832025
10000692,max,estimated,1955,3,0.0
10000692,max,estimated,1955,4,0.0
10000692,max,estimated,1955,5,0.0
10000692,max,estimated,1955,6,0.0
10000692,max,estimated,1955,7,0.0
10000692,max,estimated,1955,8,0.296721664900587
10000692,max,estimated,1955,9,0.0
10000692,max,estimated,1955,10,0.0
10000692,max,estimated,1955,11,0.174155625666274
10000692,max,estimated,1955,12,0.182376664391355
10000692,max,estimated,1956,1,0.184436356303913
10000692,max,estimated,1956,2,0.305263276873301
10000692,max,estimated,1956,3,0.0
10000692,max,estimated,1956,4,0.0
10000692,max,estimated,1956,5,0.0
10000692,max,estimated,1956,6,0.0
10000692,max,estimated,1956,7,0.0
10000692,max,estimated,1956,8,0.244131486168481
10000692,max,estimated,1956,9,0.10995053494398
10000692,max,estimated,1956,10,0.113711067264076
10000692,max,estimated,1956,11,0.152187161130342
10000692,max,estimated,1956,12,0.193962369320244
10000692,max,estimated,1957,1,0.222639516903159
10000692,max,estimated,1957,2,0.120410256701386
10000692,max,estimated,1957,3,0.0
10000692,max,estimated,1957,4,0.0
10000692,max,estimated,1957,5,0.0
10000692,max,estimated,1957,6,0.0
10000692,max,estimated,1957,7,0.0
10000692,max,estimated,1957,8,0.280200398233367
10000692,max,estimated,1957,9,0.0
10000692,max,estimated,1957,10,0.0
10000692,max,estimated,1957,11,0.136214689138439
10000692,max,estimated,1957,12,0.176957365760611
10000692,max,estimated,1958,1,0.270090044227074
10000692,max,estimated,1958,2,0.269039820196078
10000692,max,estimated,1958,3,0.0
10000692,max,estimated,1958,4,0.0
10000692,max,estimated,1958,5,0.0
10000692,max,estimated,1958,6,0.0
10000692,max,estimated,1958,7,0.0
10000692,max,estimated,1958,8,0.265544150533949
10000692,max,estimated,1958,9,0.0
10000692,max,estimated,1958,10,0.0
10000692,max,estimated,1958,11,0.133719728638991
10000692,max,estimated,1958,12,0.0
10000692,max,estimated,1959,1,0.165809744082426
10000692,max,estimated,1959,2,0.195442758398942
10000692,max,estimated,1959,3,0.0
10000692,max,estimated,1959,4,0.0
10000692,max,estimated,1959,5,0.0
10000692,max,estimated,1959,6,0.0
10000692,max,estimated,1959,7,0.0
10000692,max,estimated,1959,8,0.260308792859545
10000692,max,estimated,1959,9,0.0
10000692,max,estimated,1959,10,0.0
10000692,max,estimated,1959,11,0.146390121207337
10000692,max,estimated,1959,12,0.233399379424449
10000692,max,estimated,1960,1,0.161163830603002
10000692,max,estimated,1960,2,0.10216065532445
10000692,max,estimated,1960,3,0.0
10000692,max,estimated,1960,4,0.0
10000692,max,estimated,1960,5,0.0
10000692,max,estimated,1960,6,0.0
10000692,max,estimated,1960,7,0.0
10000692,max,estimated,1960,8,0.204994255416705
10000692,max,estimated,1960,9,0.0
10000692,max,estimated,1960,10,0.0
10000692,max,estimated,1960,11,0.143530593665235
10000692,max,estimated,1960,12,0.168283333182432
10000692,max,estimated,1961,1,0.200532848455447
10000692,max,estimated,1961,2,0.129099877937883
10000692,max,estimated,1961,3,0.0
10000692,max,estimated,1961,4,0.0
10000692,max,estimated,1961,5,0.0
10000692,max,estimated,1961,6,0.0
10000692,max,estimated,1961,7,0.0
10000692,max,estimated,1961,8,0.250123875360867
10000692,max,estimated,1961,9,0.0
10000692,max,estimated,1961,10,0.0
10000692,max,estimated,1961,11,0.140938174291367
10000692,max,estimated,1961,12,0.196836028597677
10000692,max,estimated,1962,1,0.18295100393333
10000692,max,estimated,1962,2,0.116661345057607
10000692,max,estimated,1962,3,0.0
10000692,max,estimated,1962,4,0.0
10000692,max,estimated,1962,5,0.0
10000692,max,estimated,1962,6,0.0
10000692,max,estimated,1962,7,0.0
10000692,max,estimated,1962,8,0.208693356810331
10000692,max,estimated,1962,9,0.0
10000692,max,estimated,1962,10,0.0
10000692,max,estimated,1962,11,0.134020445572686
10000692,max,estimated,1962,12,0.0
10000692,max,estimated,1963,1,0.103670275374231
10000692,max,estimated,1963,2,0.100269817284188
10000692,max,estimated,1963,3,0.0
10000692,max,estimated,1963,4,0.0
10000692,max,estimated,1963,5,0.0
10000692,max,estimated,1963,6,0.0
10000692,max,estimated,1963,7,0.0
10000692,max,estimated,1963,8,0.227178737781847
10000692,max,estimated,1963,9,0.0
10000692,max,estimated,1963,10,0.0
10000692,max,estimated,1963,11,0.139216776096991
10000692,max,estimated,1963,12,0.171732479191064
10000692,max,estimated,1964,1,0.221818623765151
10000692,max,estimated,1964,2,0.110768391942906
10000692,max,estimated,1964,3,0.0
10000692,max,estimated,1964,4,0.0
10000692,max,estimated,1964,5,0.0
10000692,max,estimated,1964,6,0.0
10000692,max,estimated,1964,7,0.0
10000692,max,estimated,1964,8,0.231682695870121
10000692,max,estimated,1964,9,0.0
10000692,max,estimated,1964,10,0.0
10000692,max,estimated,1964,11,0.121801478382082
10000692,max,estimated,1964,12,0.0
10000692,max,estimated,1965,1,0.141285856761
10000692,max,estimated,1965,2,0.117685678990513
10000692,max,estimated,1965,3,0.0
10000692,max,estimated,1965,4,0.0
10000692,max,estimated,1965,5,0.0
10000692,max,estimated,1965,6,0.0
10000692,max,estimated,1965,7,0.0
10000692,max,estimated,1965,8,0.246767790267265
10000692,max,estimated,1965,9,0.0
10000692,max,estimated,1965,10,0.0
10000692,max,estimated,1965,11,0.182034245154242
10000692,max,estimated,1965,12,0.223897055504057
10000692,max,estimated,1966,1,0.0
10000692,max,estimated,1966,2,0.115904837992747
10000692,max,estimated,1966,3,0.0
10000692,max,estimated,1966,4,0.0
10000692,max,estimated,1966,5,0.0
10000692,max,estimated,1966,6,0.0
10000692,max,estimated,1966,7,0.0
10000692,max,estimated,1966,8,0.237082013918465
10000692,max,estimated,1966,9,0.0
10000692,max,estimated,1966,10,0.133414263813327
10000692,max,estimated,1966,11,0.157818287729715
10000692,max,estimated,1966,12,0.175339177663222
10000692,max,estimated,1967,1,0.283444408016124
10000692,max,estimated,1967,2,0.115902319300106
10000692,max,estimated,1967,3,0.0
10000692,max,estimated,1967,4,0.0
10000692,max,estimated,1967,5,0.0
10000692,max,estimated,1967,6,0.0
10000692,max,estimated,1967,7,0.169384081932897
10000692,max,estimated,1967,8,0.279557827901367
10000692,max,estimated,1967,9,0.0
10000692,max,estimated,1967,10,0.0
10000692,max,estimated,1967,11,0.150654671292728
10000692,max,estimated,1967,12,0.185730165992068
10000692,max,estimated,1968,1,0.167475903938144
10000692,max,estimated,1968,2,0.110295467737307
10000692,max,estimated,1968,3,0.0
10000692,max,estimated,1968,4,0.0
10000692,max,estimated,1968,5,0.0
10000692,max,estimated,1968,6,0.0
10000692,max,estimated,1968,7,0.118390782102555
10000692,max,estimated,1968,8,0.234487057066049
10000692,max,estimated,1968,9,0.10737029367579
10000692,max,estimated,1968,10,0.0
10000692,max,estimated,1968,11,0.14785806921935
10000692,max,estimated,1968,12,0.179123590895801
10000692,max,estimated,1969,1,0.230906980930937
10000692,max,estimated,1969,2,0.156792877402731
10000692,max,estimated,1969,3,0.0
10000692,max,estimated,1969,4,0.0
10000692,max,estimated,1969,5,0.0
10000692,max,estimated,1969,6,0.0
10000692,max,estimated,1969,7,0.0
10000692,max,estimated,1969,8,0.247610877026153
10000692,max,estimated,1969,9,0.0
10000692,max,estimated,1969,10,0.0
10000692,max,estimated,1969,11,0.162540561788869
10000692,max,estimated,1969,12,0.0
10000692,max,estimated,1970,1,0.143455070888452
10000692,max,estimated,1970,2,0.107485125686666
10000692,max,estimated,1970,3,0.0
10000692,max,estimated,1970,4,0.0
10000692,max,estimated,1970,5,0.0
10000692,max,estimated,1970,6,0.0
10000692,max,estimated,1970,7,0.0
10000692,max,estimated,1970,8,0.245083008340041
10000692,max,estimated,1970,9,0.0
10000692,max,estimated,1970,10,0.0
10000692,max,estimated,1970,11,0.125419405692942
10000692,max,estimated,1970,12,0.106323061721452
10000692,max,estimated,1971,1,0.142322017577651
10000692,max,estimated,1971,2,0.151720642179895
10000692,max,estimated,1971,3,0.0
10000692,max,estimated,1971,4,0.0
10000692,max,estimated,1971,5,0.0
10000692,max,estimated,1971,6,0.0
10000692,max,estimated,1971,7,0.0
10000692,max,estimated,1971,8,0.241707467132472
10000692,max,estimated,1971,9,0.0
10000692,max,estimated,1971,10,0.0
10000692,max,estimated,1971,11,0.145319524841111
10000692,max,estimated,1971,12,0.171592800569718
10000692,max,estimated,1972,1,0.196175660518271
10000692,max,estimated,1972,2,0.208881492651816
10000692,max,estimated,1972,3,0.0
10000692,max,estimated,1972,4,0.0
10000692,max,estimated,1972,5,0.0
10000692,max,estimated,1972,6,0.0
10000692,max,estimated,1972,7,0.0
10000692,max,estimated,1972,8,0.267248148621519
10000692,max,estimated,1972,9,0.120136832899664
10000692,max,estimated,1972,10,0.172464934508072
10000692,max,estimated,1972,11,0.140145859792401
10000692,max,estimated,1972,12,0.208773101942061
10000692,max,estimated,1973,1,0.295994128167859
10000692,max,estimated,1973,2,0.17802312625315
10000692,max,estimated,1973,3,0.0
10000692,max,estimated,1973,4,0.0
10000692,max,estimated,1973,5,0.0
10000692,max,estimated,1973,6,0.0
10000692,max,estimated,1973,7,0.0
10000692,max,estimated,1973,8,0.234212692209027
10000692,max,estimated,1973,9,0.0
10000692,max,estimated,1973,10,0.0
10000692,max,estimated,1973,11,0.111882229743643
10000692,max,estimated,1973,12,0.0
10000692,max,estimated,1974,1,0.132259514355005
10000692,max,estimated,1974,2,0.110163963128295
10000692,max,estimated,1974,3,0.0
10000692,max,estimated,1974,4,0.0
10000692,max,estimated,1974,5,0.0
10000692,max,estimated,1974,6,0.0
10000692,max,estimated,1974,7,0.0
10000692,max,estimated,1974,8,0.285672019802923
10000692,max,estimated,1974,9,0.0
10000692,max,estimated,1974,10,0.0
10000692,max,estimated,1974,11,0.128770550283336
10000692,max,estimated,1974,12,0.175961565004678
10000692,max,estimated,1975,1,0.194998668201588
10000692,max,estimated,1975,2,0.116006501734211
10000692,max,estimated,1975,3,0.0
10000692,max,estimated,1975,4,0.0
10000692,max,estimated,1975,5,0.0
10000692,max,estimated,1975,6,0.0
10000692,max,estimated,1975,7,0.0
10000692,max,estimated,1975,8,0.232056777655294
10000692,max,estimated,1975,9,0.0
10000692,max,estimated,1975,10,0.0
10000692,max,estimated,1975,11,0.122103685946279
10000692,max,estimated,1975,12,0.0
10000692,max,estimated,1976,1,0.127025822700108
10000692,max,estimated,1976,2,0.240151359107511
10000692,max,estimated,1976,3,0.0
10000692,max,estimated,1976,4,0.0
10000692,max,estimated,1976,5,0.0
10000692,max,estimated,1976,6,0.0
10000692,max,estimated,1976,7,0.0
10000692,max,estimated,1976,8,0.232812883444802
10000692,max,estimated,1976,9,0.133711144775771
10000692,max,estimated,1976,10,0.0
10000692,max,estimated,1976,11,0.153966284892753
10000692,max,estimated,1976,12,0.0
10000692,max,estimated,1977,1,0.160190124224718
10000692,max,estimated,1977,2,0.126714894846458
10000692,max,estimated,1977,3,0.0
10000692,max,estimated,1977,4,0.0
10000692,max,estimated,1977,5,0.0
10000692,max,estimated,1977,6,0.0
10000692,max,estimated,1977,7,0.0
10000692,max,estimated,1977,8,0.280625490349549
10000692,max,estimated,1977,9,0.0
10000692,max,estimated,1977,10,0.0
10000692,max,estimated,1977,11,0.137121181755637
10000692,max,estimated,1977,12,0.0
10000692,max,estimated,1978,1,0.168618132706013
10000692,max,estimated,1978,2,0.208173564780329
10000692,max,estimated,1978,3,0.0
10000692,max,estimated,1978,4,0.0
10000692,max,estimated,1978,5,0.0
10000692,max,estimated,1978,6,0.0
10000692,max,estimated,1978,7,0.0
10000692,max,estimated,1978,8,0.234733319606809
10000692,max,estimated,1978,9,0.0
10000692,max,estimated,1978,10,0.0
10000692,max,estimated,1978,11,0.172516004688334
10000692,max,estimated,1978,12,0.190085111586555
10000692,max,estimated,1979,1,0.229890196177545
10000692,max,estimated,1979,2,0.0
10000692,max,estimated,1979,3,0.0
10000692,max,estimated,1979,4,0.0
10000692,max,estimated,1979,5,0.0
10000692,max,estimated,1979,6,0.0
10000692,max,estimated,1979,7,0.0
10000692,max,estimated,1979,8,0.261160994456146
10000692,max,estimated,1979,9,0.0
10000692,max,estimated,1979,10,0.0
10000692,max,estimated,1979,11,0.145697089966719
10000692,max,estimated,1979,12,0.0
10000692,max,estimated,1980,1,0.166062818971448
10000692,max,estimated,1980,2,0.263004374941869
10000692,max,estimated,1980,3,0.0
10000692,max,estimated,1980,4,0.0
10000692,max,estimated,1980,5,0.0
10000692,max,estimated,1980,6,0.0
10000692,max,estimated,1980,7,0.0
10000692,max,estimated,1980,8,0.264874080018812
10000692,max,estimated,1980,9,0.0
10000692,max,estimated,1980,10,0.0
10000692,max,estimated,1980,11,0.156629690416585
10000692,max,estimated,1980,12,0.104657807017101
10000692,max,estimated,1981,1,0.154973317487869
10000692,max,estimated,1981,2,0.303724761587172
10000692,max,estimated,1981,3,0.125940706516675
10000692,max,estimated,1981,4,0.0
10000692,max,estimated,1981,5,0.0
10000692,max,estimated,1981,6,0.0
10000692,max,estimated,1981,7,0.0
10000692,max,estimated,1981,8,0.228964634139084
10000692,max,estimated,1981,9,0.0
10000692,max,estimated,1981,10,0.0
10000692,max,estimated,1981,11,0.188725292410595
10000692,max,estimated,1981,12,0.18578423452635
10000692,max,estimated,1982,1,0.217595451957234
10000692,max,estimated,1982,2,0.156612957784475
10000692,max,estimated,1982,3,0.0
10000692,max,estimated,1982,4,0.0
10000692,max,estimated,1982,5,0.0
10000692,max,estimated,1982,6,0.0
10000692,max,estimated,1982,7,0.0
10000692,max,estimated,1982,8,0.266628321138579
10000692,max,estimated,1982,9,0.0
10000692,max,estimated,1982,10,0.0
10000692,max,estimated,1982,11,0.136850241293221
10000692,max,estimated,1982,12,0.184384050220269
10000692,max,estimated,1983,1,0.152585678556279
10000692,max,estimated,1983,2,0.127578534837591
10000692,max,estimated,1983,3,0.0
10000692,max,estimated,1983,4,0.0
10000692,max,estimated,1983,5,0.0
10000692,max,estimated,1983,6,0.0
10000692,max,estimated,1983,7,0.0
10000692,max,estimated,1983,8,0.24119106605172
10000692,max,estimated,1983,9,0.0
10000692,max,estimated,1983,10,0.0
10000692,max,estimated,1983,11,0.13509650011235
10000692,max,estimated,1983,12,0.18106206875171
10000692,max,estimated,1984,1,0.162034266419864
10000692,max,estimated,1984,2,0.151803544774092
10000692,max,estimated,1984,3,0.0
10000692,max,estimated,1984,4,0.0
10000692,max,estimated,1984,5,0.0
10000692,max,estimated,1984,6,0.0
10000692,max,estimated,1984,7,0.0
10000692,max,estimated,1984,8,0.285462998548795
10000692,max,estimated,1984,9,0.0
10000692,max,estimated,1984,10,0.0
10000692,max,estimated,1984,11,0.154508522480342
10000692,max,estimated,1984,12,0.472324814788007
10000692,max,estimated,1985,1,0.190230781522942
10000692,max,estimated,1985,2,0.127897063608962
10000692,max,estimated,1985,3,0.0
10000692,max,estimated,1985,4,0.0
10000692,max,estimated,1985,5,0.0
10000692,max,estimated,1985,6,0.0
10000692,max,estimated,1985,7,0.0
10000692,max,estimated,1985,8,0.218826156054772
10000692,max,estimated,1985,9,0.0
10000692,max,estimated,1985,10,0.0
10000692,max,estimated,1985,11,0.163311412399119
10000692,max,estimated,1985,12,0.200528207966103
10000692,max,estimated,1986,1,0.169689577944722
10000692,max,estimated,1986,2,0.212855755535978
10000692,max,estimated,1986,3,0.0
10000692,max,estimated,1986,4,0.0
10000692,max,estimated,1986,5,0.0
10000692,max,estimated,1986,6,0.0
10000692,max,estimated,1986,7,0.0
10000692,max,estimated,1986,8,0.232110088486521
10000692,max,estimated,1986,9,0.0
10000692,max,estimated,1986,10,0.0
10000692,max,estimated,1986,11,0.157022147255606
10000692,max,estimated,1986,12,0.18653437469167
10000692,max,estimated,1987,1,0.217673015816568
10000692,max,estimated,1987,2,0.103633877655883
10000692,max,estimated,1987,3,0.0
10000692,max,estimated,1987,4,0.0
10000692,max,estimated,1987,5,0.0
10000692,max,estimated,1987,6,0.0
10000692,max,estimated,1987,7,0.101868665323442
10000692,max,estimated,1987,8,0.227436956677009
10000692,max,estimated,1987,9,0.0
10000692,max,estimated,1987,10,0.0
10000692,max,estimated,1987,11,0.140686613177942
10000692,max,estimated,1987,12,0.182772180030894
10000692,max,estimated,1988,1,0.164226291849162
10000692,max,estimated,1988,2,0.0
10000692,max,estimated,1988,3,0.0
10000692,max,estimated,1988,4,0.0
10000692,max,estimated,1988,5,0.0
10000692,max,estimated,1988,6,0.0
10000692,max,estimated,1988,7,0.0
10000692,max,estimated,1988,8,0.25626732763283
10000692,max,estimated,1988,9,0.0
10000692,max,estimated,1988,10,0.0
10000692,max,estimated,1988,11,0.193711471437161
10000692,max,estimated,1988,12,0.190713673408606
10000692,max,estimated,1989,1,0.214971414844997
10000692,max,estimated,1989,2,0.101932264695035
10000692,max,estimated,1989,3,0.0
10000692,max,estimated,1989,4,0.0
10000692,max,estimated,1989,5,0.0
10000692,max,estimated,1989,6,0.0
10000692,max,estimated,1989,7,0.0
10000692,max,estimated,1989,8,0.264679354433091
10000692,max,estimated,1989,9,0.0
10000692,max,estimated,1989,10,0.0
10000692,max,estimated,1989,11,0.187641716664169
10000692,max,estimated,1989,12,0.18184116583901
10000692,max,estimated,1990,1,0.215325056134856
10000692,max,estimated,1990,2,0.133623304857017
10000692,max,estimated,1990,3,0.0
10000692,max,estimated,1990,4,0.0
10000692,max,estimated,1990,5,0.0
10000692,max,estimated,1990,6,0.0
10000692,max,estimated,1990,7,0.0
10000692,max,estimated,1990,8,0.272549588509007
10000692,max,estimated,1990,9,0.0
10000692,max,estimated,1990,10,0.0
10000692,max,estimated,1990,11,0.13252035511152
10000692,max,estimated,1990,12,0.172414000609738
10000692,max,estimated,1991,1,0.217780623412844
10000692,max,estimated,1991,2,0.114177655628174
10000692,max,estimated,1991,3,0.0
10000692,max,estimated,1991,4,0.0
10000692,max,estimated,1991,5,0.0
10000692,max,estimated,1991,6,0.0
10000692,max,estimated,1991,7,0.0
10000692,max,estimated,1991,8,0.234516002271281
10000692,max,estimated,1991,9,0.0
10000692,max,estimated,1991,10,0.0
10000692,max,estimated,1991,11,0.127009880043321
10000692,max,estimated,1991,12,0.0
10000692,max,estimated,1992,1,0.135562057604598
10000692,max,estimated,1992,2,0.15075917011842
10000692,max,estimated,1992,3,0.0
10000692,max,estimated,1992,4,0.0
10000692,max,estimated,1992,5,0.0
10000692,max,estimated,1992,6,0.0
10000692,max,estimated,1992,7,0.0
10000692,max,estimated,1992,8,0.238841949321177
10000692,max,estimated,1992,9,0.0
10000692,max,estimated,1992,10,0.0
10000692,max,estimated,1992,11,0.137193005767303
10000692,max,estimated,1992,12,0.298180306132645
10000692,max,estimated,1993,1,0.233623394729459
10000692,max,estimated,1993,2,0.287225439744816
10000692,max,estimated,1993,3,0.121569887462585
10000692,max,estimated,1993,4,0.0
10000692,max,estimated,1993,5,0.0
10000692,max,estimated,1993,6,0.0
10000692,max,estimated,1993,7,0.0
10000692,max,estimated,1993,8,0.218843372022119
10000692,max,estimated,1993,9,0.0
10000692,max,estimated,1993,10,0.0
10000692,max,estimated,1993,11,0.172937826477092
10000692,max,estimated,1993,12,0.174098325684219
10000692,max,estimated,1994,1,0.198573865547229
10000692,max,estimated,1994,2,0.163387375051822
10000692,max,estimated,1994,3,0.0
10000692,max,estimated,1994,4,0.0
10000692,max,estimated,1994,5,0.0
10000692,max,estimated,1994,6,0.0
10000692,max,estimated,1994,7,0.0
10000692,max,estimated,1994,8,0.246019928868527
10000692,max,estimated,1994,9,0.0
10000692,max,estimated,1994,10,0.0
10000692,max,estimated,1994,11,0.131735063409833
10000692,max,estimated,1994,12,0.208053493022128
10000692,max,estimated,1995,1,0.201190282917944
10000692,max,estimated,1995,2,0.167100800292493
10000692,max,estimated,1995,3,0.0
10000692,max,estimated,1995,4,0.0
10000692,max,estimated,1995,5,0.0
10000692,max,estimated,1995,6,0.0
10000692,max,estimated,1995,7,0.0
10000692,max,estimated,1995,8,0.224799723482361
10000692,max,estimated,1995,9,0.0
10000692,max,estimated,1995,10,0.0
10000692,max,estimated,1995,11,0.165502565701431
10000692,max,estimated,1995,12,0.181617857912006
10000692,max,estimated,1996,1,0.216128983556584
10000692,max,estimated,1996,2,0.239416427082061
10000692,max,estimated,1996,3,0.0
10000692,max,estimated,1996,4,0.0
10000692,max,estimated,1996,5,0.0
10000692,max,estimated,1996,6,0.0
10000692,max,estimated,1996,7,0.0
10000692,max,estimated,1996,8,0.227111265343851
10000692,max,estimated,1996,9,0.0
10000692,max,estimated,1996,10,0.0
10000692,max,estimated,1996,11,0.166162916238557
10000692,max,estimated,1996,12,0.182864257775181
10000692,max,estimated,1997,1,0.214617797568861
10000692,max,estimated,1997,2,0.137952972578745
10000692,max,estimated,1997,3,0.0
10000692,max,estimated,1997,4,0.0
10000692,max,estimated,1997,5,0.0
10000692,max,estimated,1997,6,0.0
10000692,max,estimated,1997,7,0.0
10000692,max,estimated,1997,8,0.234957832308728
10000692,max,estimated,1997,9,0.127325234494754
10000692,max,estimated,1997,10,0.0
10000692,max,estimated,1997,11,0.156849528666572
10000692,max,estimated,1997,12,0.199213007599887
10000692,max,estimated,1998,1,0.177376596418069
10000692,max,estimated,1998,2,0.204322790306128
10000692,max,estimated,1998,3,0.0
10000692,max,estimated,1998,4,0.0
10000692,max,estimated,1998,5,0.0
10000692,max,estimated,1998,6,0.0
10000692,max,estimated,1998,7,0.0
10000692,max,estimated,1998,8,0.233207348828043
10000692,max,estimated,1998,9,0.0
10000692,max,estimated,1998,10,0.0
10000692,max,estimated,1998,11,0.133165570540783
10000692,max,estimated,1998,12,0.171350569671077
10000692,max,estimated,1999,1,0.182611043428398
10000692,max,estimated,1999,2,0.15683916425649
10000692,max,estimated,1999,3,0.0
10000692,max,estimated,1999,4,0.0
10000692,max,estimated,1999,5,0.0
10000692,max,estimated,1999,6,0.0
10000692,max,estimated,1999,7,0.0
10000692,max,estimated,1999,8,0.239963498501032
10000692,max,estimated,1999,9,0.0
10000692,max,estimated,1999,10,0.0
10000692,max,estimated,1999,11,0.21102145521799
10000692,max,estimated,1999,12,0.181704248655319
10000692,max,estimated,2000,1,0.254887516210286
10000692,max,estimated,2000,2,0.354822796458195
10000692,max,estimated,2000,3,0.0
10000692,max,estimated,2000,4,0.0
10000692,max,estimated,2000,5,0.0
10000692,max,estimated,2000,6,0.0
10000692,max,estimated,2000,7,0.12135830105857
10000692,max,estimated,2000,8,0.216826092078529
10000692,max,estimated,2000,9,0.114951402409141
10000692,max,estimated,2000,10,0.113778522371588
10000692,max,estimated,2000,11,0.161597170387878
10000692,max,estimated,2000,12,0.189853270337761
10000692,max,estimated,2001,1,0.225668659285971
10000692,max,estimated,2001,2,0.113621942497384
10000692,max,estimated,2001,3,0.0
10000692,max,estimated,2001,4,0.0
10000692,max,estimated,2001,5,0.0
10000692,max,estimated,2001,6,0.0
10000692,max,estimated,2001,7,0.0
10000692,max,estimated,2001,8,0.252863842575477
10000692,max,estimated,2001,9,0.0
10000692,max,estimated,2001,10,0.0
10000692,max,estimated,2001,11,0.152623089795248
10000692,max,estimated,2001,12,0.177586186558865
10000692,max,estimated,2002,1,0.215430526087689
10000692,max,estimated,2002,2,0.192058983303962
10000692,max,estimated,2002,3,0.0
10000692,max,estimated,2002,4,0.0
10000692,max,estimated,2002,5,0.0
10000692,max,estimated,2002,6,0.0
10000692,max,estimated,2002,7,0.0
10000692,max,estimated,2002,8,0.237248364794196
10000692,max,estimated,2002,9,0.131450451824425
10000692,max,estimated,2002,10,0.0
10000692,max,estimated,2002,11,0.142035402058193
10000692,max,estimated,2002,12,0.177758019413835
10000692,max,estimated,2003,1,0.198713880621913
10000692,max,estimated,2003,2,0.316693751134172
10000692,max,estimated,2003,3,0.0
10000692,max,estimated,2003,4,0.0
10000692,max,estimated,2003,5,0.0
10000692,max,estimated,2003,6,0.0
10000692,max,estimated,2003,7,0.0
10000692,max,estimated,2003,8,0.2573437526964
10000692,max,estimated,2003,9,0.0
10000692,max,estimated,2003,10,0.0
10000692,max,estimated,2003,11,0.163443551410966
10000692,max,estimated,2003,12,0.18723029657724
10000692,max,estimated,2004,1,0.207408074353118
10000692,max,estimated,2004,2,0.143725700142529
10000692,max,estimated,2004,3,0.0
10000692,max,estimated,2004,4,0.0
10000692,max,estimated,2004,5,0.0
10000692,max,estimated,2004,6,0.0
10000692,max,estimated,2004,7,0.0
10000692,max,estimated,2004,8,0.221314673268547
10000692,max,estimated,2004,9,0.0
10000692,max,estimated,2004,10,0.0
10000692,max,estimated,2004,11,0.130310241634152
10000692,max,estimated,2004,12,0.179449186605584
10000692,max,estimated,2005,1,0.26753185442295
10000692,max,estimated,2005,2,0.805721619744739
10000692,max,estimated,2005,3,0.134568871347682
10000692,max,estimated,2005,4,0.0
10000692,max,estimated,2005,5,0.0
10000692,max,estimated,2005,6,0.0
10000692,max,estimated,2005,7,0.0
10000692,max,estimated,2005,8,0.229071650058218
10000692,max,estimated,2005,9,0.0
10000692,max,estimated,2005,10,0.0
10000692,max,estimated,2005,11,0.149098851666462
10000692,max,estimated,2005,12,0.180504255946724
10000692,max,estimated,2006,1,0.205378679025465
10000692,max,estimated,2006,2,0.302558611266424
10000692,max,estimated,2006,3,0.0
10000692,max,estimated,2006,4,0.0
10000692,max,estimated,2006,5,0.0
10000692,max,estimated,2006,6,0.0
10000692,max,estimated,2006,7,0.124767548057658
10000692,max,estimated,2006,8,0.273589988161202
10000692,max,estimated,2006,9,0.133632872630648
10000692,max,estimated,2006,10,0.0
10000692,max,estimated,2006,11,0.136079771306286
10000692,max,estimated,2006,12,0.0
10000692,max,estimated,2007,1,0.158621934653864
10000692,max,estimated,2007,2,0.15329394019536
10000692,max,estimated,2007,3,0.0
10000692,max,estimated,2007,4,0.0
10000692,max,estimated,2007,5,0.0
10000692,max,estimated,2007,6,0.0
10000692,max,estimated,2007,7,0.0
10000692,max,estimated,2007,8,0.223576772465304
10000692,max,estimated,2007,9,0.0
10000692,max,estimated,2007,10,0.0
10000692,max,estimated,2007,11,0.145444644011289
10000692,max,estimated,2007,12,0.180939449445408
10000692,max,estimated,2008,1,0.167652730621755
10000692,max,estimated,2008,2,0.0
10000692,max,estimated,2008,3,0.0
10000692,max,estimated,2008,4,0.0
10000692,max,estimated,2008,5,0.0
10000692,max,estimated,2008,6,0.0
10000692,max,estimated,2008,7,0.0
10000692,max,estimated,2008,8,0.235763230581076
10000692,max,estimated,2008,9,0.0
10000692,max,estimated,2008,10,0.0
10000692,max,estimated,2008,11,0.155742668654466
10000692,max,estimated,2008,12,0.172200400819829
10000692,max,estimated,2009,1,0.171512068047802
10000692,max,estimated,2009,2,0.176280051370667
10000692,max,estimated,2009,3,0.0
10000692,max,estimated,2009,4,0.0
10000692,max,estimated,2009,5,0.0
10000692,max,estimated,2009,6,0.0
10000692,max,estimated,2009,7,0.0
10000692,max,estimated,2009,8,0.206803399894102
10000692,max,estimated,2009,9,0.0
10000692,max,estimated,2009,10,0.0
10000692,max,estimated,2009,11,0.161325410990729
10000692,max,estimated,2009,12,0.195520928896753
10000692,max,estimated,2010,1,0.227861624603779
10000692,max,estimated,2010,2,0.197223635325571
10000692,max,estimated,2010,3,0.0
10000692,max,estimated,2010,4,0.0
10000692,max,estimated,2010,5,0.0
10000692,max,estimated,2010,6,0.0
10000692,max,estimated,2010,7,0.0
10000692,max,estimated,2010,8,0.214399570642063
10000692,max,estimated,2010,9,0.0
10000692,max,estimated,2010,10,0.0
10000692,max,estimated,2010,11,0.154174385379689
10000692,max,estimated,2010,12,0.10443493494901
10000692,max,estimated,2011,1,0.106166090467513
10000692,max,estimated,2011,2,0.150008328904177
10000692,max,estimated,2011,3,0.0
10000692,max,estimated,2011,4,0.0
10000692,max,estimated,2011,5,0.0
10000692,max,estimated,2011,6,0.0
10000692,max,estimated,2011,7,0.0
10000692,max,estimated,2011,8,0.238746875465031
10000692,max,estimated,2011,9,0.122077828819824
10000692,max,estimated,2011,10,0.0
10000692,max,estimated,2011,11,0.133668728936707
10000692,max,estimated,2011,12,0.185422570457982
10000692,max,estimated,2012,1,0.172666955542083
10000692,max,estimated,2012,2,0.159207320133733
10000692,max,estimated,2012,3,0.0
10000692,max,estimated,2012,4,0.0
10000692,max,estimated,2012,5,0.0
10000692,max,estimated,2012,6,0.0
10000692,max,estimated,2012,7,0.124517639912988
10000692,max,estimated,2012,8,0.252438006758108
10000692,max,estimated,2012,9,0.0
10000692,max,estimated,2012,10,0.0
10000692,max,estimated,2012,11,0.153748725092239
10000692,max,estimated,2012,12,0.187247781110658
10000692,max,estimated,2013,1,0.196559343677532
10000692,max,estimated,2013,2,0.109603799999996
10000692,max,estimated,2013,3,0.0
10000692,max,estimated,2013,4,0.0
10000692,max,estimated,2013,5,0.0
10000692,max,estimated,2013,6,0.0
10000692,max,estimated,2013,7,0.0
10000692,max,estimated,2013,8,0.262107452858717
10000692,max,estimated,2013,9,0.0
10000692,max,estimated,2013,10,0.0
10000692,max,estimated,2013,11,0.160959652934141
10000692,max,estimated,2013,12,0.181894992769802
10000692,max,estimated,2014,1,0.197742371871167
10000692,max,estimated,2014,2,0.221871151558085
10000692,max,estimated,2014,3,0.0
10000692,max,estimated,2014,4,0.0
10000692,max,estimated,2014,5,0.0
10000692,max,estimated,2014,6,0.0
10000692,max,estimated,2014,7,0.109418199125607
10000692,max,estimated,2014,8,0.28423005805909
10000692,max,estimated,2014,9,0.141479448653923
10000692,max,estimated,2014,10,0.0
10000692,max,estimated,2014,11,0.15947144260779
10000692,max,estimated,2014,12,0.199734767242964
10000692,max,estimated,2015,1,0.205301480450529
10000692,max,estimated,2015,2,0.161292843235934
10000692,max,estimated,2015,3,0.101085387425831
10000692,max,estimated,2015,4,0.0
10000692,max,estimated,2015,5,0.0
10000692,max,estimated,2015,6,0.0
10000692,max,estimated,2015,7,0.0
10000692,max,estimated,2015,8,0.22470882447516
10000692,max,estimated,2015,9,0.0
10000692,max,estimated,2015,10,0.0
10000692,max,estimated,2015,11,0.159893725673934
10000692,max,estimated,2015,12,0.185668553743539
